FABaCl_3,Pure,6.092677679,6.2145,-12.28293881,-0.742938814,0,0,0,0,1,0,0,1,0,0,0,3,0,0,2.53,319,354,1.1,45.057,8.6,849.1,6.5,29,2.57,91,8,1.42,2078,1002,3.59,137.33,-52,502.9,8.01,140.2,0.89,56,6,1.81,239.18,172.17,3.214,35.453,348.8,1251.1,3.21,10.2,3.16,17,3
FASr_0.5Ba_0.5Cl_3,B-site mixed,5.94548921,6.2361,-12.25666879,-0.846668786,0,0,0,0,1,0,0.5,0.5,0,0,0,3,0,0,2.53,319,354,1.1,45.057,8.6,849.1,6.5,29,2.57,91,8,1.34,1866.5,1022,3.065,112.475,-110,526.2,8.105,138.55,0.92,47,5.5,1.81,239.18,172.17,3.214,35.453,348.8,1251.1,3.21,10.2,3.16,17,3
FASrCl_3,Pure,5.819218883,6.3576,-12.21582231,-0.935822314,0,0,0,0,1,0,1,0,0,0,0,3,0,0,2.53,319,354,1.1,45.057,8.6,849.1,6.5,29,2.57,91,8,1.26,1655,1042,2.54,87.62,-168,549.5,8.2,136.9,0.95,38,5,1.81,239.18,172.17,3.214,35.453,348.8,1251.1,3.21,10.2,3.16,17,3
MASrCl_3,Pure,5.760207849,6.5005,-12.18578138,-0.025781377,0,0,0,1,0,0,1,0,0,0,0,3,0,0,2.17,267,180.65,0.7,32.066,8.684,926.3,6.13,23.85,2.55,73,7,1.26,1655,1042,2.54,87.62,-168,549.5,8.2,136.9,0.95,38,5,1.81,239.18,172.17,3.214,35.453,348.8,1251.1,3.21,10.2,3.16,17,3
MABaCl_3,Pure,5.991667955,6.2991,-12.18054435,0.239455651,0,0,0,1,0,0,0,1,0,0,0,3,0,0,2.17,267,180.65,0.7,32.066,8.684,926.3,6.13,23.85,2.55,73,7,1.42,2078,1002,3.59,137.33,-52,502.9,8.01,140.2,0.89,56,6,1.81,239.18,172.17,3.214,35.453,348.8,1251.1,3.21,10.2,3.16,17,3
CsSrCl_3,Pure,5.733922638,6.2377,-12.12739415,1.682605846,0,0,1,0,0,0,1,0,0,0,0,3,0,0,1.74,944,301.54,1.87,132.905,45.49,375.7,2.092,67.74,0.79,55,6,1.26,1655,1042,2.54,87.62,-168,549.5,8.2,136.9,0.95,38,5,1.81,239.18,172.17,3.214,35.453,348.8,1251.1,3.21,10.2,3.16,17,3
CsCaCl_3,Pure,5.451228143,6.6944,-12.07712945,1.422870549,0,0,1,0,0,1,0,0,0,0,0,3,0,0,1.74,944,301.54,1.87,132.905,45.49,375.7,2.092,67.74,0.79,55,6,1,1757,1112,1.55,40.078,-156,589.8,8.53,154.67,1,20,4,1.81,239.18,172.17,3.214,35.453,348.8,1251.1,3.21,10.2,3.16,17,3
FASrBr_0.375Cl_2.625,X-site mixed,5.860910909,5.8959,-12.07660519,-0.915355186,0,0,0,0,1,0,1,0,0,0,0,2.625,0.375,0,2.53,319,354,1.1,45.057,8.6,849.1,6.5,29,2.57,91,8,1.26,1655,1042,2.54,87.62,-168,549.5,8.2,136.9,0.95,38,5,1.829,250.764,183.893,3.202,41.009,345.775,1237.2,3.47,10.766,3.135,19.25,3.125
MABaBr_0.375Cl_2.625,X-site mixed,6.073258712,5.9017,-12.06275569,0.222244309,0,0,0,1,0,0,0,1,0,0,0,2.625,0.375,0,2.17,267,180.65,0.7,32.066,8.684,926.3,6.13,23.85,2.55,73,7,1.42,2078,1002,3.59,137.33,-52,502.9,8.01,140.2,0.89,56,6,1.829,250.764,183.893,3.202,41.009,345.775,1237.2,3.47,10.766,3.135,19.25,3.125
CsCa_0.375Sr_0.375Ba_0.25Cl_3,B-site mixed,5.714654344,6.2465,-12.03150075,1.727249249,0,0,1,0,0,0.375,0.375,0.25,0,0,0,3,0,0,1.74,944,301.54,1.87,132.905,45.49,375.7,2.092,67.74,0.79,55,6,1.203,1799,1058.25,2.431,82.219,-134.5,552.962,8.276,144.389,0.954,35.75,4.875,1.81,239.18,172.17,3.214,35.453,348.8,1251.1,3.21,10.2,3.16,17,3
MACaCl_3,Pure,5.551304338,6.6855,-11.95408662,-0.104086616,0,0,0,1,0,1,0,0,0,0,0,3,0,0,2.17,267,180.65,0.7,32.066,8.684,926.3,6.13,23.85,2.55,73,7,1,1757,1112,1.55,40.078,-156,589.8,8.53,154.67,1,20,4,1.81,239.18,172.17,3.214,35.453,348.8,1251.1,3.21,10.2,3.16,17,3
CsBaCl_3,Pure,6.03957796,5.9307,-11.94950046,2.120499537,0,0,1,0,0,0,0,1,0,0,0,3,0,0,1.74,944,301.54,1.87,132.905,45.49,375.7,2.092,67.74,0.79,55,6,1.42,2078,1002,3.59,137.33,-52,502.9,8.01,140.2,0.89,56,6,1.81,239.18,172.17,3.214,35.453,348.8,1251.1,3.21,10.2,3.16,17,3
Rb_0.375Cs_0.125MA_0.5CaCl_3,A-site mixed,5.468816261,6.6053,-11.94202027,0.065479732,0,0.375,0.125,0.5,0,1,0,0,0,0,0,3,0,0,1.906,611.875,245.254,1.158,64.697,27.612,661.237,4.204,46.343,1.681,57.25,6.125,1,1757,1112,1.55,40.078,-156,589.8,8.53,154.67,1,20,4,1.81,239.18,172.17,3.214,35.453,348.8,1251.1,3.21,10.2,3.16,17,3
Rb_0.625Cs_0.375CaCl_3,A-site mixed,5.440583819,6.4012,-11.92811599,0.459384009,0,0.625,0.375,0,0,1,0,0,0,0,0,3,0,0,1.659,954.625,308.471,1.659,103.257,46.365,392.762,2.247,68.653,0.809,43.75,5.375,1,1757,1112,1.55,40.078,-156,589.8,8.53,154.67,1,20,4,1.81,239.18,172.17,3.214,35.453,348.8,1251.1,3.21,10.2,3.16,17,3
Rb_0.5MA_0.5CaCl_3,A-site mixed,5.465004348,6.5552,-11.91954876,-0.134548756,0,0.5,0,0.5,0,1,0,0,0,0,0,3,0,0,1.89,614,246.64,1.116,58.767,27.787,664.65,4.235,46.525,1.685,55,6,1,1757,1112,1.55,40.078,-156,589.8,8.53,154.67,1,20,4,1.81,239.18,172.17,3.214,35.453,348.8,1251.1,3.21,10.2,3.16,17,3
K_0.125Rb_0.5Cs_0.375CaCl_3,A-site mixed,5.429757403,6.3791,-11.90549812,0.795751879,0.125,0.5,0.375,0,0,1,0,0,0,0,0,3,0,0,1.646,963.625,311.493,1.575,97.461,46.549,394.737,2.246,69.615,0.809,41.5,5.25,1,1757,1112,1.55,40.078,-156,589.8,8.53,154.67,1,20,4,1.81,239.18,172.17,3.214,35.453,348.8,1251.1,3.21,10.2,3.16,17,3
K_0.25Rb_0.25MA_0.5CaCl_3,A-site mixed,5.440221005,6.6019,-11.89720685,0.515293149,0.25,0.25,0,0.5,0,1,0,0,0,0,0,3,0,0,1.865,632,252.683,0.948,47.175,28.154,668.6,4.232,48.45,1.685,50.5,5.75,1,1757,1112,1.55,40.078,-156,589.8,8.53,154.67,1,20,4,1.81,239.18,172.17,3.214,35.453,348.8,1251.1,3.21,10.2,3.16,17,3
K_0.375Rb_0.125Cs_0.5CaCl_3,A-site mixed,5.427382521,6.3673,-11.8881218,1.663128201,0.375,0.125,0.5,0,0,1,0,0,0,0,0,3,0,0,1.638,979.5,316.149,1.449,91.798,46.741,395.275,2.212,71.358,0.805,39.25,5.125,1,1757,1112,1.55,40.078,-156,589.8,8.53,154.67,1,20,4,1.81,239.18,172.17,3.214,35.453,348.8,1251.1,3.21,10.2,3.16,17,3
FACaCl_3,Pure,5.623396338,6.3598,-11.87747264,-0.907472641,0,0,0,0,1,1,0,0,0,0,0,3,0,0,2.53,319,354,1.1,45.057,8.6,849.1,6.5,29,2.57,91,8,1,1757,1112,1.55,40.078,-156,589.8,8.53,154.67,1,20,4,1.81,239.18,172.17,3.214,35.453,348.8,1251.1,3.21,10.2,3.16,17,3
RbCaCl_3,Pure,5.428961118,6.2632,-11.83850205,-0.118502053,0,1,0,0,0,1,0,0,0,0,0,3,0,0,1.61,961,312.63,1.532,85.468,46.89,403,2.34,69.2,0.82,37,5,1,1757,1112,1.55,40.078,-156,589.8,8.53,154.67,1,20,4,1.81,239.18,172.17,3.214,35.453,348.8,1251.1,3.21,10.2,3.16,17,3
RbSrCl_3,Pure,5.709317207,5.8987,-11.83100967,0.198990335,0,1,0,0,0,0,1,0,0,0,0,3,0,0,1.61,961,312.63,1.532,85.468,46.89,403,2.34,69.2,0.82,37,5,1.26,1655,1042,2.54,87.62,-168,549.5,8.2,136.9,0.95,38,5,1.81,239.18,172.17,3.214,35.453,348.8,1251.1,3.21,10.2,3.16,17,3
RbCa_0.875Sr_0.125Cl_3,B-site mixed,5.463621437,6.1855,-11.82809398,-0.069343981,0,1,0,0,0,0.875,0.125,0,0,0,0,3,0,0,1.61,961,312.63,1.532,85.468,46.89,403,2.34,69.2,0.82,37,5,1.032,1744.25,1103.25,1.674,46.021,-157.5,584.762,8.489,152.449,0.994,22.25,4.125,1.81,239.18,172.17,3.214,35.453,348.8,1251.1,3.21,10.2,3.16,17,3
FACa_0.5Sr_0.5Cl_3,B-site mixed,5.840761976,6.1249,-11.8276666,-0.7026666,0,0,0,0,1,0.5,0.5,0,0,0,0,3,0,0,2.53,319,354,1.1,45.057,8.6,849.1,6.5,29,2.57,91,8,1.13,1706,1077,2.045,63.849,-162,569.65,8.365,145.785,0.975,29,4.5,1.81,239.18,172.17,3.214,35.453,348.8,1251.1,3.21,10.2,3.16,17,3
K_0.75Cs_0.25SrCl_3,A-site mixed,5.70092173,5.8194,-11.73926842,2.618231585,0.75,0,0.25,0,0,0,1,0,0,0,0,3,0,0,1.568,1010.75,327.985,1.113,62.55,47.642,408.025,2.271,74.61,0.813,28,4.5,1.26,1655,1042,2.54,87.62,-168,549.5,8.2,136.9,0.95,38,5,1.81,239.18,172.17,3.214,35.453,348.8,1251.1,3.21,10.2,3.16,17,3
FACaBr_0.375Cl_2.625,X-site mixed,5.781659232,5.7001,-11.71018598,-0.863935981,0,0,0,0,1,1,0,0,0,0,0,2.625,0.375,0,2.53,319,354,1.1,45.057,8.6,849.1,6.5,29,2.57,91,8,1,1757,1112,1.55,40.078,-156,589.8,8.53,154.67,1,20,4,1.829,250.764,183.893,3.202,41.009,345.775,1237.2,3.47,10.766,3.135,19.25,3.125
K_0.25Rb_0.375Cs_0.375BaCl_3,A-site mixed,6.047459815,5.6281,-11.6764394,1.908560601,0.25,0.375,0.375,0,0,0,0,1,0,0,0,3,0,0,1.634,972.625,314.514,1.491,91.665,46.733,396.712,2.244,70.578,0.809,39.25,5.125,1.42,2078,1002,3.59,137.33,-52,502.9,8.01,140.2,0.89,56,6,1.81,239.18,172.17,3.214,35.453,348.8,1251.1,3.21,10.2,3.16,17,3
KCaCl_3,Pure,5.404892287,6.0467,-11.6496651,2.580334904,1,0,0,0,0,1,0,0,0,0,0,3,0,0,1.51,1033,336.8,0.86,39.098,48.36,418.8,2.33,76.9,0.82,19,4,1,1757,1112,1.55,40.078,-156,589.8,8.53,154.67,1,20,4,1.81,239.18,172.17,3.214,35.453,348.8,1251.1,3.21,10.2,3.16,17,3
FABaBr_1.875Cl_1.125,X-site mixed,6.26620885,5.5089,-11.6443389,-0.673088903,0,0,0,0,1,0,0,1,0,0,0,1.125,1.875,0,2.53,319,354,1.1,45.057,8.6,849.1,6.5,29,2.57,91,8,1.42,2078,1002,3.59,137.33,-52,502.9,8.01,140.2,0.89,56,6,1.904,297.099,230.782,3.155,63.235,333.675,1181.6,4.507,13.028,3.035,28.25,3.625
RbBaCl_3,Pure,6.022957642,5.6027,-11.61372304,0.676276964,0,1,0,0,0,0,0,1,0,0,0,3,0,0,1.61,961,312.63,1.532,85.468,46.89,403,2.34,69.2,0.82,37,5,1.42,2078,1002,3.59,137.33,-52,502.9,8.01,140.2,0.89,56,6,1.81,239.18,172.17,3.214,35.453,348.8,1251.1,3.21,10.2,3.16,17,3
KSrCl_3,Pure,5.683185035,5.7192,-11.61133734,2.928662664,1,0,0,0,0,0,1,0,0,0,0,3,0,0,1.51,1033,336.8,0.86,39.098,48.36,418.8,2.33,76.9,0.82,19,4,1.26,1655,1042,2.54,87.62,-168,549.5,8.2,136.9,0.95,38,5,1.81,239.18,172.17,3.214,35.453,348.8,1251.1,3.21,10.2,3.16,17,3
KSr_0.875Ba_0.125Cl_3,B-site mixed,5.730086062,5.6418,-11.56260811,3.00989189,1,0,0,0,0,0,0.875,0.125,0,0,0,3,0,0,1.51,1033,336.8,0.86,39.098,48.36,418.8,2.33,76.9,0.82,19,4,1.28,1707.875,1037,2.671,93.834,-153.5,543.675,8.176,137.313,0.942,40.25,5.125,1.81,239.18,172.17,3.214,35.453,348.8,1251.1,3.21,10.2,3.16,17,3
KCa_0.75Ba_0.25Cl_3,B-site mixed,5.572125901,5.7679,-11.51030325,2.862196748,1,0,0,0,0,0.75,0,0.25,0,0,0,3,0,0,1.51,1033,336.8,0.86,39.098,48.36,418.8,2.33,76.9,0.82,19,4,1.105,1837.25,1084.5,2.06,64.391,-130,568.075,8.4,151.053,0.973,29,4.5,1.81,239.18,172.17,3.214,35.453,348.8,1251.1,3.21,10.2,3.16,17,3
KBaCl_3,Pure,6.013761043,5.4279,-11.36965507,3.430344935,1,0,0,0,0,0,0,1,0,0,0,3,0,0,1.51,1033,336.8,0.86,39.098,48.36,418.8,2.33,76.9,0.82,19,4,1.42,2078,1002,3.59,137.33,-52,502.9,8.01,140.2,0.89,56,6,1.81,239.18,172.17,3.214,35.453,348.8,1251.1,3.21,10.2,3.16,17,3
CsBa_0.875Sn_0.125Cl_3,B-site mixed,6.004353567,4.4177,-11.34583044,2.07416956,0,0,1,0,0,0,0,0.875,0,0.125,0,3,0,0,1.74,944,301.54,1.87,132.905,45.49,375.7,2.092,67.74,0.79,55,6,1.386,2177.75,939.89,4.055,135.002,-30.375,528.612,7.909,158.971,1.024,55.25,5.875,1.81,239.18,172.17,3.214,35.453,348.8,1251.1,3.21,10.2,3.16,17,3
FABaBr_3,Pure,6.377562399,5.5419,-11.30057079,-0.670570785,0,0,0,0,1,0,0,1,0,0,0,0,3,0,2.53,319,354,1.1,45.057,8.6,849.1,6.5,29,2.57,91,8,1.42,2078,1002,3.59,137.33,-52,502.9,8.01,140.2,0.89,56,6,1.96,331.85,265.95,3.12,79.904,324.6,1139.9,5.286,14.725,2.96,35,4
RbSrBr_1.5Cl_1.5,X-site mixed,5.851458835,5.2789,-11.23141455,0.233585449,0,1,0,0,0,0,1,0,0,0,0,1.5,1.5,0,1.61,961,312.63,1.532,85.468,46.89,403,2.34,69.2,0.82,37,5,1.26,1655,1042,2.54,87.62,-168,549.5,8.2,136.9,0.95,38,5,1.885,285.515,219.06,3.167,57.678,336.7,1195.5,4.248,12.462,3.06,26,3.5
MABaBr_3,Pure,6.354718938,5.4282,-11.18388207,0.156117934,0,0,0,1,0,0,0,1,0,0,0,0,3,0,2.17,267,180.65,0.7,32.066,8.684,926.3,6.13,23.85,2.55,73,7,1.42,2078,1002,3.59,137.33,-52,502.9,8.01,140.2,0.89,56,6,1.96,331.85,265.95,3.12,79.904,324.6,1139.9,5.286,14.725,2.96,35,4
FASrBr_3,Pure,6.101794347,5.6848,-11.15697777,-0.826977766,0,0,0,0,1,0,1,0,0,0,0,0,3,0,2.53,319,354,1.1,45.057,8.6,849.1,6.5,29,2.57,91,8,1.26,1655,1042,2.54,87.62,-168,549.5,8.2,136.9,0.95,38,5,1.96,331.85,265.95,3.12,79.904,324.6,1139.9,5.286,14.725,2.96,35,4
RbSr_0.875Ge_0.125Cl_3,B-site mixed,5.639349068,4.867,-11.13569059,0.20180941,0,1,0,0,0,0,0.875,0,0.125,0,0,3,0,0,1.61,961,312.63,1.532,85.468,46.89,403,2.34,69.2,0.82,37,5,1.211,1836.5,1063.188,2.888,85.744,-132,576.075,11.15,161.575,1.083,37.25,4.875,1.81,239.18,172.17,3.214,35.453,348.8,1251.1,3.21,10.2,3.16,17,3
MASrBr_3,Pure,6.092596981,5.5491,-11.07709265,-0.037092651,0,0,0,1,0,0,1,0,0,0,0,0,3,0,2.17,267,180.65,0.7,32.066,8.684,926.3,6.13,23.85,2.55,73,7,1.26,1655,1042,2.54,87.62,-168,549.5,8.2,136.9,0.95,38,5,1.96,331.85,265.95,3.12,79.904,324.6,1139.9,5.286,14.725,2.96,35,4
CsSrBr_3,Pure,6.017870267,5.3194,-11.00699422,-0.036994215,0,0,1,0,0,0,1,0,0,0,0,0,3,0,1.74,944,301.54,1.87,132.905,45.49,375.7,2.092,67.74,0.79,55,6,1.26,1655,1042,2.54,87.62,-168,549.5,8.2,136.9,0.95,38,5,1.96,331.85,265.95,3.12,79.904,324.6,1139.9,5.286,14.725,2.96,35,4
KSrBr_1.5Cl_1.5,X-site mixed,5.837112691,5.107,-11.00676909,1.718230909,1,0,0,0,0,0,1,0,0,0,0,1.5,1.5,0,1.51,1033,336.8,0.86,39.098,48.36,418.8,2.33,76.9,0.82,19,4,1.26,1655,1042,2.54,87.62,-168,549.5,8.2,136.9,0.95,38,5,1.885,285.515,219.06,3.167,57.678,336.7,1195.5,4.248,12.462,3.06,26,3.5
K_0.25Rb_0.25Cs_0.125MA_0.375SrBr_3,A-site mixed,5.953902127,5.5516,-10.96867954,-0.004929544,0.25,0.25,0.125,0.375,0,0,1,0,0,0,0,0,3,0,1.811,716.625,267.794,1.094,59.779,32.755,599.775,3.728,53.936,1.465,48.25,5.625,1.26,1655,1042,2.54,87.62,-168,549.5,8.2,136.9,0.95,38,5,1.96,331.85,265.95,3.12,79.904,324.6,1139.9,5.286,14.725,2.96,35,4
CsBaBr_3,Pure,6.353729567,5.1203,-10.94497268,0.325027325,0,0,1,0,0,0,0,1,0,0,0,0,3,0,1.74,944,301.54,1.87,132.905,45.49,375.7,2.092,67.74,0.79,55,6,1.42,2078,1002,3.59,137.33,-52,502.9,8.01,140.2,0.89,56,6,1.96,331.85,265.95,3.12,79.904,324.6,1139.9,5.286,14.725,2.96,35,4
CsSr_0.125Ba_0.875Br_3,B-site mixed,6.30960982,5.1008,-10.94132616,0.291173844,0,0,1,0,0,0,0.125,0.875,0,0,0,0,3,0,1.74,944,301.54,1.87,132.905,45.49,375.7,2.092,67.74,0.79,55,6,1.4,2025.125,1007,3.459,131.116,-66.5,508.725,8.034,139.787,0.898,53.75,5.875,1.96,331.85,265.95,3.12,79.904,324.6,1139.9,5.286,14.725,2.96,35,4
K_0.5Rb_0.125FA_0.375SrBr_3,A-site mixed,5.937841669,5.5074,-10.90823473,-0.216984731,0.5,0.125,0,0,0.375,0,1,0,0,0,0,0,3,0,1.905,756.25,340.229,1.034,47.129,33.266,578.188,3.895,57.975,1.476,48.25,5.625,1.26,1655,1042,2.54,87.62,-168,549.5,8.2,136.9,0.95,38,5,1.96,331.85,265.95,3.12,79.904,324.6,1139.9,5.286,14.725,2.96,35,4
CsCaBr_3,Pure,5.759409905,5.5737,-10.86379918,-0.243799175,0,0,1,0,0,1,0,0,0,0,0,0,3,0,1.74,944,301.54,1.87,132.905,45.49,375.7,2.092,67.74,0.79,55,6,1,1757,1112,1.55,40.078,-156,589.8,8.53,154.67,1,20,4,1.96,331.85,265.95,3.12,79.904,324.6,1139.9,5.286,14.725,2.96,35,4
K_0.5Cs_0.125MA_0.375SrBr_3,A-site mixed,6.039948638,5.2962,-10.85348694,0.112763063,0.5,0,0.125,0.375,0,0,1,0,0,0,0,0,3,0,1.786,734.625,273.836,0.926,48.187,33.123,603.725,3.725,55.861,1.465,43.75,5.375,1.26,1655,1042,2.54,87.62,-168,549.5,8.2,136.9,0.95,38,5,1.96,331.85,265.95,3.12,79.904,324.6,1139.9,5.286,14.725,2.96,35,4
Rb_0.125Cs_0.875CaBr_3,A-site mixed,5.756831655,5.5223,-10.83079352,-0.219543519,0,0.125,0.875,0,0,1,0,0,0,0,0,0,3,0,1.724,946.125,302.926,1.828,126.976,45.665,379.113,2.123,67.922,0.794,52.75,5.875,1,1757,1112,1.55,40.078,-156,589.8,8.53,154.67,1,20,4,1.96,331.85,265.95,3.12,79.904,324.6,1139.9,5.286,14.725,2.96,35,4
MA_0.875FA_0.125CaBr_3,A-site mixed,5.842277072,5.6366,-10.79673405,-0.195484049,0,0,0,0.875,0.125,1,0,0,0,0,0,0,3,0,2.215,273.5,202.319,0.75,33.69,8.673,916.65,6.176,24.494,2.552,75.25,7.125,1,1757,1112,1.55,40.078,-156,589.8,8.53,154.67,1,20,4,1.96,331.85,265.95,3.12,79.904,324.6,1139.9,5.286,14.725,2.96,35,4
FACaBr_3,Pure,5.90328064,5.6379,-10.79407554,-0.814075541,0,0,0,0,1,1,0,0,0,0,0,0,3,0,2.53,319,354,1.1,45.057,8.6,849.1,6.5,29,2.57,91,8,1,1757,1112,1.55,40.078,-156,589.8,8.53,154.67,1,20,4,1.96,331.85,265.95,3.12,79.904,324.6,1139.9,5.286,14.725,2.96,35,4
MACaBr_3,Pure,5.862749504,5.64,-10.77648031,-0.086480305,0,0,0,1,0,1,0,0,0,0,0,0,3,0,2.17,267,180.65,0.7,32.066,8.684,926.3,6.13,23.85,2.55,73,7,1,1757,1112,1.55,40.078,-156,589.8,8.53,154.67,1,20,4,1.96,331.85,265.95,3.12,79.904,324.6,1139.9,5.286,14.725,2.96,35,4
RbSrBr_3,Pure,5.996477447,5.0275,-10.69425532,0.205744682,0,1,0,0,0,0,1,0,0,0,0,0,3,0,1.61,961,312.63,1.532,85.468,46.89,403,2.34,69.2,0.82,37,5,1.26,1655,1042,2.54,87.62,-168,549.5,8.2,136.9,0.95,38,5,1.96,331.85,265.95,3.12,79.904,324.6,1139.9,5.286,14.725,2.96,35,4
MA_0.625FA_0.375CaBr_3,A-site mixed,5.981914428,5.5035,-10.69026482,-0.266514824,0,0,0,0.625,0.375,1,0,0,0,0,0,0,3,0,2.305,286.5,245.656,0.85,36.938,8.652,897.35,6.269,25.781,2.558,79.75,7.375,1,1757,1112,1.55,40.078,-156,589.8,8.53,154.67,1,20,4,1.96,331.85,265.95,3.12,79.904,324.6,1139.9,5.286,14.725,2.96,35,4
Rb_0.75Cs_0.25BaBr_3,A-site mixed,6.345050765,4.8959,-10.68860043,0.52889957,0,0.75,0.25,0,0,0,0,1,0,0,0,0,3,0,1.643,956.75,309.858,1.617,97.327,46.54,396.175,2.278,68.835,0.813,41.5,5.25,1.42,2078,1002,3.59,137.33,-52,502.9,8.01,140.2,0.89,56,6,1.96,331.85,265.95,3.12,79.904,324.6,1139.9,5.286,14.725,2.96,35,4
KBa_0.875Ge_0.125Cl_3,B-site mixed,5.93984983,4.5807,-10.66476218,3.410237818,1,0,0,0,0,0,0,0.875,0.125,0,0,3,0,0,1.51,1033,336.8,0.86,39.098,48.36,418.8,2.33,76.9,0.82,19,4,1.351,2206.625,1028.188,3.806,129.24,-30.5,535.3,10.984,164.462,1.03,53,5.75,1.81,239.18,172.17,3.214,35.453,348.8,1251.1,3.21,10.2,3.16,17,3
CsSr_0.125Ba_0.625Ge_0.125Sn_0.125Cl_3,B-site mixed,5.866241706,4.1126,-10.65095816,2.011541836,0,0,1,0,0,0,0.125,0.625,0.125,0.125,0,3,0,0,1.74,944,301.54,1.87,132.905,45.49,375.7,2.092,67.74,0.79,55,6,1.297,2253.5,971.077,4.14,120.699,-23.375,566.837,10.906,182.821,1.171,50,5.5,1.81,239.18,172.17,3.214,35.453,348.8,1251.1,3.21,10.2,3.16,17,3
RbBaBr_3,Pure,6.319076698,4.8505,-10.6053913,0.594608704,0,1,0,0,0,0,0,1,0,0,0,0,3,0,1.61,961,312.63,1.532,85.468,46.89,403,2.34,69.2,0.82,37,5,1.42,2078,1002,3.59,137.33,-52,502.9,8.01,140.2,0.89,56,6,1.96,331.85,265.95,3.12,79.904,324.6,1139.9,5.286,14.725,2.96,35,4
RbCaBr_3,Pure,5.720572312,5.2453,-10.59449569,-0.044495694,0,1,0,0,0,1,0,0,0,0,0,0,3,0,1.61,961,312.63,1.532,85.468,46.89,403,2.34,69.2,0.82,37,5,1,1757,1112,1.55,40.078,-156,589.8,8.53,154.67,1,20,4,1.96,331.85,265.95,3.12,79.904,324.6,1139.9,5.286,14.725,2.96,35,4
RbCa_0.125Ba_0.875Br_3,B-site mixed,6.26517754,4.8001,-10.56381763,0.554932374,0,1,0,0,0,0.125,0,0.875,0,0,0,0,3,0,1.61,961,312.63,1.532,85.468,46.89,403,2.34,69.2,0.82,37,5,1.367,2037.875,1015.75,3.335,125.174,-65,513.762,8.075,142.009,0.904,51.5,5.75,1.96,331.85,265.95,3.12,79.904,324.6,1139.9,5.286,14.725,2.96,35,4
RbCa_0.5Sr_0.25Ge_0.125Sn_0.125Cl_3,B-site mixed,5.482913555,4.4997,-10.54111196,0.023888039,0,1,0,0,0,0.5,0.25,0,0.125,0.125,0,3,0,0,1.61,961,312.63,1.532,85.468,46.89,403,2.34,69.2,0.82,37,5,1.067,2040.125,1031.078,2.989,65.859,-89.875,616.113,11.19,189.644,1.234,29.75,4.375,1.81,239.18,172.17,3.214,35.453,348.8,1251.1,3.21,10.2,3.16,17,3
K_0.75Rb_0.25SrBr_3,A-site mixed,5.986778981,4.8975,-10.52294699,0.38455301,0.75,0.25,0,0,0,0,1,0,0,0,0,0,3,0,1.535,1015,330.758,1.028,50.691,47.992,414.85,2.333,74.975,0.82,23.5,4.25,1.26,1655,1042,2.54,87.62,-168,549.5,8.2,136.9,0.95,38,5,1.96,331.85,265.95,3.12,79.904,324.6,1139.9,5.286,14.725,2.96,35,4
MABaI_1.125Br_1.875,X-site mixed,6.45566915,4.8506,-10.50813963,0.303110366,0,0,0,1,0,0,0,1,0,0,0,0,1.875,1.125,2.17,267,180.65,0.7,32.066,8.684,926.3,6.13,23.85,2.55,73,7,1.42,2078,1002,3.59,137.33,-52,502.9,8.01,140.2,0.89,56,6,2.05,378.969,311.231,3.799,97.529,313.613,1090.587,6.214,17.041,2.848,41.75,4.375
MACa_0.5Ba_0.125Pb_0.375Cl_3,B-site mixed,5.672303745,5.2918,-10.5014835,-0.072733504,0,0,0,1,0,0.5,0,0.125,0,0,0.375,3,0,0,2.17,267,180.65,0.7,32.066,8.684,926.3,6.13,23.85,2.55,73,7,1.124,1896.875,906.494,5.48,114.905,-43.25,626.075,7.055,161.572,1.485,47.75,5,1.81,239.18,172.17,3.214,35.453,348.8,1251.1,3.21,10.2,3.16,17,3
KSrBr_3,Pure,5.996477447,4.8503,-10.46310767,0.446892335,1,0,0,0,0,0,1,0,0,0,0,0,3,0,1.51,1033,336.8,0.86,39.098,48.36,418.8,2.33,76.9,0.82,19,4,1.26,1655,1042,2.54,87.62,-168,549.5,8.2,136.9,0.95,38,5,1.96,331.85,265.95,3.12,79.904,324.6,1139.9,5.286,14.725,2.96,35,4
RbBa_0.75Sn_0.25Cl_3,B-site mixed,5.910253441,4.0563,-10.43652313,0.553476871,0,1,0,0,0,0,0,0.75,0,0.25,0,3,0,0,1.61,961,312.63,1.532,85.468,46.89,403,2.34,69.2,0.82,37,5,1.353,2277.5,877.78,4.52,132.675,-8.75,554.325,7.808,177.743,1.157,54.5,5.75,1.81,239.18,172.17,3.214,35.453,348.8,1251.1,3.21,10.2,3.16,17,3
FASr_0.875Sn_0.125Br_3,B-site mixed,6.1200836,4.3582,-10.39331568,-0.637065675,0,0,0,0,1,0,0.875,0,0,0.125,0,0,3,0,2.53,319,354,1.1,45.057,8.6,849.1,6.5,29,2.57,91,8,1.246,1807.625,974.89,3.136,91.506,-131.875,569.388,8.075,156.084,1.076,39.5,5,1.96,331.85,265.95,3.12,79.904,324.6,1139.9,5.286,14.725,2.96,35,4
CsCa_0.875Pb_0.125Br_3,B-site mixed,5.781924092,5.0758,-10.39017188,-0.222671876,0,0,1,0,0,0.875,0,0,0,0,0.125,0,3,0,1.74,944,301.54,1.87,132.905,45.49,375.7,2.092,67.74,0.79,55,6,1.024,1790.25,1048.081,2.775,60.968,-122.75,605.512,8.06,157.574,1.166,27.75,4.25,1.96,331.85,265.95,3.12,79.904,324.6,1139.9,5.286,14.725,2.96,35,4
KCaBr_3,Pure,5.695410092,5.059,-10.39008036,0.169919645,1,0,0,0,0,1,0,0,0,0,0,0,3,0,1.51,1033,336.8,0.86,39.098,48.36,418.8,2.33,76.9,0.82,19,4,1,1757,1112,1.55,40.078,-156,589.8,8.53,154.67,1,20,4,1.96,331.85,265.95,3.12,79.904,324.6,1139.9,5.286,14.725,2.96,35,4
CsSr_0.25Ba_0.625Sn_0.125Br_3,B-site mixed,6.203636966,4.0968,-10.37564298,0.208107019,0,0,1,0,0,0,0.25,0.625,0,0.125,0,0,3,0,1.74,944,301.54,1.87,132.905,45.49,375.7,2.092,67.74,0.79,55,6,1.346,2072,949.89,3.792,122.575,-59.375,540.263,7.956,158.146,1.039,50.75,5.625,1.96,331.85,265.95,3.12,79.904,324.6,1139.9,5.286,14.725,2.96,35,4
KCa_0.5Ba_0.5Br_3,B-site mixed,6.010763355,4.8118,-10.3630982,0.521901803,1,0,0,0,0,0.5,0,0.5,0,0,0,0,3,0,1.51,1033,336.8,0.86,39.098,48.36,418.8,2.33,76.9,0.82,19,4,1.21,1917.5,1057,2.57,88.704,-104,546.35,8.27,147.435,0.945,38,5,1.96,331.85,265.95,3.12,79.904,324.6,1139.9,5.286,14.725,2.96,35,4
KBaBr_3,Pure,6.310437202,4.6964,-10.35902799,0.850972012,1,0,0,0,0,0,0,1,0,0,0,0,3,0,1.51,1033,336.8,0.86,39.098,48.36,418.8,2.33,76.9,0.82,19,4,1.42,2078,1002,3.59,137.33,-52,502.9,8.01,140.2,0.89,56,6,1.96,331.85,265.95,3.12,79.904,324.6,1139.9,5.286,14.725,2.96,35,4
RbCa_0.125Ba_0.625Ge_0.125Sn_0.125Cl_3,B-site mixed,5.823609136,3.8759,-10.30734403,0.53640597,0,1,0,0,0,0.125,0,0.625,0.125,0.125,0,3,0,0,1.61,961,312.63,1.532,85.468,46.89,403,2.34,69.2,0.82,37,5,1.265,2266.25,979.827,4.016,114.756,-21.875,571.875,10.947,185.043,1.177,47.75,5.375,1.81,239.18,172.17,3.214,35.453,348.8,1251.1,3.21,10.2,3.16,17,3
MASr_0.5Pb_0.5Cl_3,B-site mixed,5.733602225,5.3125,-10.08409271,-0.069092705,0,0,0,1,0,0,0.5,0,0,0,0.5,3,0,0,2.17,267,180.65,0.7,32.066,8.684,926.3,6.13,23.85,2.55,73,7,1.225,1839,821.325,6.945,147.41,-29,632.5,6.485,157.4,1.64,60,5.5,1.81,239.18,172.17,3.214,35.453,348.8,1251.1,3.21,10.2,3.16,17,3
RbCa_0.875Sn_0.125Br_3,B-site mixed,5.74111688,4.2034,-10.04046265,-0.020462648,0,1,0,0,0,0.875,0,0,0,0.125,0,0,3,0,1.61,961,312.63,1.532,85.468,46.89,403,2.34,69.2,0.82,37,5,1.019,1896.875,1036.14,2.27,49.907,-121.375,604.65,8.364,171.632,1.12,23.75,4.125,1.96,331.85,265.95,3.12,79.904,324.6,1139.9,5.286,14.725,2.96,35,4
MACa_0.5Pb_0.5Cl_3,B-site mixed,5.633913974,5.3219,-9.978371,-0.118371,0,0,0,1,0,0.5,0,0,0,0,0.5,3,0,0,2.17,267,180.65,0.7,32.066,8.684,926.3,6.13,23.85,2.55,73,7,1.095,1890,856.325,6.45,123.639,-23,652.65,6.65,166.285,1.665,51,5,1.81,239.18,172.17,3.214,35.453,348.8,1251.1,3.21,10.2,3.16,17,3
FABa_0.5Sn_0.375Pb_0.125Cl_3,B-site mixed,5.879448125,4.3813,-9.884943058,-0.863693058,0,0,0,0,1,0,0,0.5,0,0.375,0.125,3,0,0,2.53,319,354,1.1,45.057,8.6,849.1,6.5,29,2.57,91,8,1.29,2370.375,765.501,5.955,139.081,33.125,606.612,7.301,201.226,1.471,57,5.625,1.81,239.18,172.17,3.214,35.453,348.8,1251.1,3.21,10.2,3.16,17,3
CsCa_0.25Sr_0.5Ge_0.125Pb_0.125Br_3,B-site mixed,5.891339693,4.3487,-9.80456044,-0.08081044,0,0,1,0,0,0.25,0.5,0,0.125,0,0.125,0,3,0,1.74,944,301.54,1.87,132.905,45.49,375.7,2.092,67.74,0.79,55,6,1.137,1908,1025.519,3.741,88.806,-94.25,606.9,10.804,171.143,1.268,38.25,4.75,1.96,331.85,265.95,3.12,79.904,324.6,1139.9,5.286,14.725,2.96,35,4
FACaI_1.5Br_1.5,X-site mixed,6.134628912,4.8798,-9.801551962,-0.606551962,0,0,0,0,1,1,0,0,0,0,0,0,1.5,1.5,2.53,319,354,1.1,45.057,8.6,849.1,6.5,29,2.57,91,8,1,1757,1112,1.55,40.078,-156,589.8,8.53,154.67,1,20,4,2.08,394.675,326.325,4.025,103.404,309.95,1074.15,6.523,17.813,2.81,44,4.5
FABaI_2.625Br_0.375,X-site mixed,6.73301512,4.7594,-9.75424459,-0.54174459,0,0,0,0,1,0,0,1,0,0,0,0,0.375,2.625,2.53,319,354,1.1,45.057,8.6,849.1,6.5,29,2.57,91,8,1.42,2078,1002,3.59,137.33,-52,502.9,8.01,140.2,0.89,56,6,2.17,441.794,371.606,4.704,121.029,298.963,1024.837,7.451,20.128,2.697,50.75,4.875
KCa_0.375Sr_0.125Ba_0.125Ge_0.125Sn_0.125Pb_0.125Cl_3,B-site mixed,5.550037992,4.0655,-9.735691255,2.874308745,1,0,0,0,0,0.375,0.125,0.125,0.125,0.125,0.125,3,0,0,1.51,1033,336.8,0.86,39.098,48.36,418.8,2.33,76.9,0.82,19,4,1.111,2126.25,962.159,4.345,92.963,-42.125,626,10.696,192.96,1.392,39.75,4.75,1.81,239.18,172.17,3.214,35.453,348.8,1251.1,3.21,10.2,3.16,17,3
RbCa_0.375Ba_0.25Ge_0.375Cl_3,B-site mixed,5.533284935,4.2559,-9.616558428,0.284691572,0,1,0,0,0,0.375,0,0.25,0.375,0,0,3,0,0,1.61,961,312.63,1.532,85.468,46.89,403,2.34,69.2,0.82,37,5,1.056,2343.5,1121.813,3.474,76.59,-26.5,632.688,17.126,218.414,1.351,33.5,4.5,1.81,239.18,172.17,3.214,35.453,348.8,1251.1,3.21,10.2,3.16,17,3
FACa_0.5Sn_0.5Cl_3,B-site mixed,5.864678343,4.7611,-9.553426381,-0.898426381,0,0,0,0,1,0.5,0,0,0,0.5,0,3,0,0,2.53,319,354,1.1,45.057,8.6,849.1,6.5,29,2.57,91,8,1.075,2316.5,808.56,4.43,79.394,-17.5,649.2,7.865,222.52,1.48,35,4.5,1.81,239.18,172.17,3.214,35.453,348.8,1251.1,3.21,10.2,3.16,17,3
MACa_0.25Sr_0.25Ba_0.125Pb_0.375Br_3,B-site mixed,6.004395768,4.4124,-9.54714676,-0.04589676,0,0,0,1,0,0.25,0.25,0.125,0,0,0.375,0,3,0,2.17,267,180.65,0.7,32.066,8.684,926.3,6.13,23.85,2.55,73,7,1.189,1871.375,888.994,5.727,126.791,-46.25,616,6.972,157.13,1.473,52.25,5.25,1.96,331.85,265.95,3.12,79.904,324.6,1139.9,5.286,14.725,2.96,35,4
KCa_0.5Ba_0.125Ge_0.375Cl_3,B-site mixed,5.427282952,4.6029,-9.503442494,2.836557506,1,0,0,0,0,0.5,0,0.125,0.375,0,0,3,0,0,1.51,1033,336.8,0.86,39.098,48.36,418.8,2.33,76.9,0.82,19,4,1.004,2303.375,1135.563,3.219,64.434,-39.5,643.55,17.191,220.222,1.365,29,4.25,1.81,239.18,172.17,3.214,35.453,348.8,1251.1,3.21,10.2,3.16,17,3
KSrI_1.5Br_1.5,X-site mixed,6.22865716,4.2801,-9.431688388,1.763311612,1,0,0,0,0,0,1,0,0,0,0,0,1.5,1.5,1.51,1033,336.8,0.86,39.098,48.36,418.8,2.33,76.9,0.82,19,4,1.26,1655,1042,2.54,87.62,-168,549.5,8.2,136.9,0.95,38,5,2.08,394.675,326.325,4.025,103.404,309.95,1074.15,6.523,17.813,2.81,44,4.5
MACa_0.25Sr_0.25Ge_0.375Pb_0.125Cl_3,B-site mixed,5.57227737,4.66,-9.417069129,0.051680871,0,0,0,1,0,0.25,0.25,0,0.375,0,0.125,3,0,0,2.17,267,180.65,0.7,32.066,8.684,926.3,6.13,23.85,2.55,73,7,1.04,2271,1067.894,4.436,85.053,-22.25,660.05,16.704,220.493,1.532,36.75,4.5,1.81,239.18,172.17,3.214,35.453,348.8,1251.1,3.21,10.2,3.16,17,3
MABaI_3,Pure,6.810377003,4.7868,-9.406706148,0.523293852,0,0,0,1,0,0,0,1,0,0,0,0,0,3,2.17,267,180.65,0.7,32.066,8.684,926.3,6.13,23.85,2.55,73,7,1.42,2078,1002,3.59,137.33,-52,502.9,8.01,140.2,0.89,56,6,2.2,457.5,386.7,4.93,126.904,295.3,1008.4,7.76,20.9,2.66,53,5
FABaI_3,Pure,6.806524121,4.6181,-9.40444965,-0.39444965,0,0,0,0,1,0,0,1,0,0,0,0,0,3,2.53,319,354,1.1,45.057,8.6,849.1,6.5,29,2.57,91,8,1.42,2078,1002,3.59,137.33,-52,502.9,8.01,140.2,0.89,56,6,2.2,457.5,386.7,4.93,126.904,295.3,1008.4,7.76,20.9,2.66,53,5
MACa_0.25Ba_0.375Sn_0.25Pb_0.125Br_3,B-site mixed,6.05576892,3.4893,-9.368730584,0.052519416,0,0,0,1,0,0.25,0,0.375,0,0.25,0.125,0,3,0,2.17,267,180.65,0.7,32.066,8.684,926.3,6.13,23.85,2.55,73,7,1.219,2190.375,855.111,4.98,117.096,-14.5,602.625,7.533,186.072,1.365,48.75,5.25,1.96,331.85,265.95,3.12,79.904,324.6,1139.9,5.286,14.725,2.96,35,4
MACa_0.5Ba_0.125Sn_0.25Pb_0.125Br_3,B-site mixed,5.930694109,3.9511,-9.319066499,-0.060316499,0,0,0,1,0,0.5,0,0.125,0,0.25,0.125,0,3,0,2.17,267,180.65,0.7,32.066,8.684,926.3,6.13,23.85,2.55,73,7,1.114,2110.125,882.611,4.47,92.783,-40.5,624.35,7.662,189.69,1.392,39.75,4.75,1.96,331.85,265.95,3.12,79.904,324.6,1139.9,5.286,14.725,2.96,35,4
RbCa_0.125Sr_0.5Pb_0.375Br_3,B-site mixed,5.925788518,4.5032,-9.216392008,0.151107992,0,1,0,0,0,0.125,0.5,0,0,0,0.375,0,3,0,1.61,961,312.63,1.532,85.468,46.89,403,2.34,69.2,0.82,37,5,1.201,1805.75,885.244,5.72,126.52,-62.25,616.788,6.955,154.496,1.474,52.25,5.25,1.96,331.85,265.95,3.12,79.904,324.6,1139.9,5.286,14.725,2.96,35,4
KSrI_1.875Br_1.125,X-site mixed,6.284596555,4.1602,-9.191596109,2.074653891,1,0,0,0,0,0,1,0,0,0,0,0,1.125,1.875,1.51,1033,336.8,0.86,39.098,48.36,418.8,2.33,76.9,0.82,19,4,1.26,1655,1042,2.54,87.62,-168,549.5,8.2,136.9,0.95,38,5,2.11,410.381,341.419,4.251,109.279,306.287,1057.712,6.832,18.584,2.773,46.25,4.625
FASrI_3,Pure,6.552353856,4.6831,-9.177380746,-0.507380746,0,0,0,0,1,0,1,0,0,0,0,0,0,3,2.53,319,354,1.1,45.057,8.6,849.1,6.5,29,2.57,91,8,1.26,1655,1042,2.54,87.62,-168,549.5,8.2,136.9,0.95,38,5,2.2,457.5,386.7,4.93,126.904,295.3,1008.4,7.76,20.9,2.66,53,5
FACa_0.25Sr_0.125Sn_0.375Pb_0.25Cl_3,B-site mixed,5.938020184,3.5589,-9.172234285,-0.894734285,0,0,0,0,1,0.25,0.125,0,0,0.375,0.25,3,0,0,2.53,319,354,1.1,45.057,8.6,849.1,6.5,29,2.57,91,8,1.136,2230.375,747.833,6.284,117.288,12.875,660.737,7.05,209.144,1.686,49,5,1.81,239.18,172.17,3.214,35.453,348.8,1251.1,3.21,10.2,3.16,17,3
CsBaI_3,Pure,6.805612787,4.4475,-9.150397573,0.319602427,0,0,1,0,0,0,0,1,0,0,0,0,0,3,1.74,944,301.54,1.87,132.905,45.49,375.7,2.092,67.74,0.79,55,6,1.42,2078,1002,3.59,137.33,-52,502.9,8.01,140.2,0.89,56,6,2.2,457.5,386.7,4.93,126.904,295.3,1008.4,7.76,20.9,2.66,53,5
CsSr_0.25Ba_0.75I_3,B-site mixed,6.705625492,4.4297,-9.13231446,0.25268554,0,0,1,0,0,0,0.25,0.75,0,0,0,0,0,3,1.74,944,301.54,1.87,132.905,45.49,375.7,2.092,67.74,0.79,55,6,1.38,1972.25,1012,3.327,124.903,-81,514.55,8.058,139.375,0.905,51.5,5.75,2.2,457.5,386.7,4.93,126.904,295.3,1008.4,7.76,20.9,2.66,53,5
CsCa_0.25Ba_0.125Ge_0.25Pb_0.375Cl_3,B-site mixed,5.583336751,3.2362,-9.110658138,1.660591862,0,0,1,0,0,0.25,0,0.125,0.25,0,0.375,3,0,0,1.74,944,301.54,1.87,132.905,45.49,375.7,2.092,67.74,0.79,55,6,1.091,2234.375,931.369,6.422,123.038,25.75,669.15,12.873,206.48,1.738,50.75,5,1.81,239.18,172.17,3.214,35.453,348.8,1251.1,3.21,10.2,3.16,17,3
CsSrI_3,Pure,6.476212025,4.5845,-9.086441018,0.043558983,0,0,1,0,0,0,1,0,0,0,0,0,0,3,1.74,944,301.54,1.87,132.905,45.49,375.7,2.092,67.74,0.79,55,6,1.26,1655,1042,2.54,87.62,-168,549.5,8.2,136.9,0.95,38,5,2.2,457.5,386.7,4.93,126.904,295.3,1008.4,7.76,20.9,2.66,53,5
K_0.125Cs_0.875BaI_3,A-site mixed,6.803973727,4.3647,-9.079110981,0.684639019,0.125,0,0.875,0,0,0,0,1,0,0,0,0,0,3,1.711,955.125,305.948,1.744,121.18,45.849,381.088,2.122,68.885,0.794,50.5,5.75,1.42,2078,1002,3.59,137.33,-52,502.9,8.01,140.2,0.89,56,6,2.2,457.5,386.7,4.93,126.904,295.3,1008.4,7.76,20.9,2.66,53,5
KCaI_1.875Br_1.125,X-site mixed,6.024390313,4.242,-9.034422069,1.938077931,1,0,0,0,0,1,0,0,0,0,0,0,1.125,1.875,1.51,1033,336.8,0.86,39.098,48.36,418.8,2.33,76.9,0.82,19,4,1,1757,1112,1.55,40.078,-156,589.8,8.53,154.67,1,20,4,2.11,410.381,341.419,4.251,109.279,306.287,1057.712,6.832,18.584,2.773,46.25,4.625
FABa_0.875Pb_0.125I_3,B-site mixed,6.748265853,4.1081,-9.03141601,-0.49141601,0,0,0,0,1,0,0,0.875,0,0,0.125,0,0,3,2.53,319,354,1.1,45.057,8.6,849.1,6.5,29,2.57,91,8,1.391,2071.125,951.831,4.56,146.064,-31.75,529.475,7.605,144.912,1.07,59.25,6,2.2,457.5,386.7,4.93,126.904,295.3,1008.4,7.76,20.9,2.66,53,5
FASr_0.375Ba_0.125Pb_0.5Br_3,B-site mixed,6.101200462,4.4184,-9.026131073,-0.643631073,0,0,0,0,1,0,0.375,0.125,0,0,0.5,0,3,0,2.53,319,354,1.1,45.057,8.6,849.1,6.5,29,2.57,91,8,1.245,1891.875,816.325,7.076,153.624,-14.5,626.675,6.461,157.813,1.633,62.25,5.625,1.96,331.85,265.95,3.12,79.904,324.6,1139.9,5.286,14.725,2.96,35,4
K_0.25Rb_0.125Cs_0.125MA_0.5SrI_3,A-site mixed,6.500984831,4.6195,-9.009434039,1.203065961,0.25,0.125,0.125,0.5,0,0,1,0,0,0,0,0,0,3,1.881,629.875,251.296,0.99,53.104,27.979,665.188,4.202,48.267,1.681,52.75,5.875,1.26,1655,1042,2.54,87.62,-168,549.5,8.2,136.9,0.95,38,5,2.2,457.5,386.7,4.93,126.904,295.3,1008.4,7.76,20.9,2.66,53,5
MACa_0.125Sr_0.25Ba_0.125Sn_0.125Pb_0.375Br_3,B-site mixed,6.00402713,3.7528,-9.001222776,-0.029972776,0,0,0,1,0,0.125,0.25,0.125,0,0.125,0.375,0,3,0,2.17,267,180.65,0.7,32.066,8.684,926.3,6.13,23.85,2.55,73,7,1.208,2011.25,813.134,6.447,136.62,-11.625,630.85,6.806,174.093,1.593,56,5.375,1.96,331.85,265.95,3.12,79.904,324.6,1139.9,5.286,14.725,2.96,35,4
K_0.375Rb_0.125MA_0.5SrI_3,A-site mixed,6.503655831,4.6082,-8.964349686,1.541900314,0.375,0.125,0,0.5,0,0,1,0,0,0,0,0,0,3,1.853,641,255.704,0.864,41.378,28.338,670.575,4.231,49.413,1.685,48.25,5.625,1.26,1655,1042,2.54,87.62,-168,549.5,8.2,136.9,0.95,38,5,2.2,457.5,386.7,4.93,126.904,295.3,1008.4,7.76,20.9,2.66,53,5
MABa_0.875Pb_0.125I_3,B-site mixed,6.751394506,4.0328,-8.941249618,0.518750382,0,0,0,1,0,0,0,0.875,0,0,0.125,0,0,3,2.17,267,180.65,0.7,32.066,8.684,926.3,6.13,23.85,2.55,73,7,1.391,2071.125,951.831,4.56,146.064,-31.75,529.475,7.605,144.912,1.07,59.25,6,2.2,457.5,386.7,4.93,126.904,295.3,1008.4,7.76,20.9,2.66,53,5
RbCa_0.25Sr_0.125Ge_0.125Sn_0.25Pb_0.25Cl_3,B-site mixed,5.530833886,3.2691,-8.917444343,0.035055657,0,1,0,0,0,0.25,0.125,0,0.125,0.25,0.25,3,0,0,1.61,961,312.63,1.532,85.468,46.89,403,2.34,69.2,0.82,37,5,1.101,2259.25,836.13,6.035,111.526,12.75,667.425,10.125,214.635,1.692,46.75,4.875,1.81,239.18,172.17,3.214,35.453,348.8,1251.1,3.21,10.2,3.16,17,3
MASr_0.25Ba_0.125Ge_0.375Sn_0.25Cl_3,B-site mixed,5.702486245,3.6576,-8.906647155,-0.026647155,0,0,0,1,0,0,0.25,0.125,0.375,0.25,0,3,0,0,2.17,267,180.65,0.7,32.066,8.684,926.3,6.13,23.85,2.55,73,7,1.106,2557.625,966.342,4.906,95.978,26.75,663.175,16.776,249.705,1.593,41,4.75,1.81,239.18,172.17,3.214,35.453,348.8,1251.1,3.21,10.2,3.16,17,3
FABa_0.5Ge_0.125Sn_0.25Pb_0.125Br_3,B-site mixed,6.104844992,3.7436,-8.899459529,-0.725709529,0,0,0,0,1,0,0,0.5,0.125,0.25,0.125,0,3,0,2.53,319,354,1.1,45.057,8.6,849.1,6.5,29,2.57,91,8,1.255,2399.25,853.799,5.706,133.319,33,613.3,10.376,206.718,1.478,54.75,5.5,1.96,331.85,265.95,3.12,79.904,324.6,1139.9,5.286,14.725,2.96,35,4
K_0.375Cs_0.625SrI_3,A-site mixed,6.471767436,4.3675,-8.873454979,1.137795021,0.375,0,0.625,0,0,0,1,0,0,0,0,0,0,3,1.654,977.375,314.763,1.491,97.728,46.566,391.863,2.181,71.175,0.801,41.5,5.25,1.26,1655,1042,2.54,87.62,-168,549.5,8.2,136.9,0.95,38,5,2.2,457.5,386.7,4.93,126.904,295.3,1008.4,7.76,20.9,2.66,53,5
MACaI_3,Pure,6.284420432,4.7801,-8.871924569,0.458075431,0,0,0,1,0,1,0,0,0,0,0,0,0,3,2.17,267,180.65,0.7,32.066,8.684,926.3,6.13,23.85,2.55,73,7,1,1757,1112,1.55,40.078,-156,589.8,8.53,154.67,1,20,4,2.2,457.5,386.7,4.93,126.904,295.3,1008.4,7.76,20.9,2.66,53,5
CsCaI_3,Pure,6.218288897,4.7383,-8.854728355,0.015271645,0,0,1,0,0,1,0,0,0,0,0,0,0,3,1.74,944,301.54,1.87,132.905,45.49,375.7,2.092,67.74,0.79,55,6,1,1757,1112,1.55,40.078,-156,589.8,8.53,154.67,1,20,4,2.2,457.5,386.7,4.93,126.904,295.3,1008.4,7.76,20.9,2.66,53,5
Rb_0.375FA_0.625CaI_3,A-site mixed,6.232827392,4.8401,-8.832610619,0.544889381,0,0.375,0,0,0.625,1,0,0,0,0,0,0,0,3,2.185,559.75,338.486,1.262,60.211,22.959,681.813,4.94,44.075,1.914,70.75,6.875,1,1757,1112,1.55,40.078,-156,589.8,8.53,154.67,1,20,4,2.2,457.5,386.7,4.93,126.904,295.3,1008.4,7.76,20.9,2.66,53,5
RbBaI_3,Pure,6.777085768,4.1846,-8.804374559,2.785625441,0,1,0,0,0,0,0,1,0,0,0,0,0,3,1.61,961,312.63,1.532,85.468,46.89,403,2.34,69.2,0.82,37,5,1.42,2078,1002,3.59,137.33,-52,502.9,8.01,140.2,0.89,56,6,2.2,457.5,386.7,4.93,126.904,295.3,1008.4,7.76,20.9,2.66,53,5
FASr_0.125Ba_0.125Ge_0.125Sn_0.25Pb_0.375Cl_3,B-site mixed,5.935043618,4.2032,-8.802570029,-1.026320029,0,0,0,0,1,0,0.125,0.125,0.125,0.25,0.375,3,0,0,2.53,319,354,1.1,45.057,8.6,849.1,6.5,29,2.57,91,8,1.177,2332.625,758.461,7.515,144.572,59,672.275,9.59,215.73,1.845,59,5.375,1.81,239.18,172.17,3.214,35.453,348.8,1251.1,3.21,10.2,3.16,17,3
MASr_0.5Sn_0.5Br_3,B-site mixed,5.960270012,3.942,-8.782416976,-0.037416976,0,0,0,1,0,0,0.5,0,0,0.5,0,0,3,0,2.17,267,180.65,0.7,32.066,8.684,926.3,6.13,23.85,2.55,73,7,1.205,2265.5,773.56,4.925,103.165,-23.5,629.05,7.7,213.635,1.455,44,5,1.96,331.85,265.95,3.12,79.904,324.6,1139.9,5.286,14.725,2.96,35,4
FACaI_3,Pure,6.372328354,4.6776,-8.777576674,-0.367576674,0,0,0,0,1,1,0,0,0,0,0,0,0,3,2.53,319,354,1.1,45.057,8.6,849.1,6.5,29,2.57,91,8,1,1757,1112,1.55,40.078,-156,589.8,8.53,154.67,1,20,4,2.2,457.5,386.7,4.93,126.904,295.3,1008.4,7.76,20.9,2.66,53,5
K_0.375Rb_0.125Cs_0.125FA_0.375CaI_3,A-site mixed,6.156511989,4.9464,-8.776792671,1.066957329,0.375,0.125,0.125,0,0.375,1,0,0,0,0,0,0,0,3,1.934,745.125,335.821,1.16,58.855,32.907,572.8,3.865,56.83,1.472,52.75,5.875,1,1757,1112,1.55,40.078,-156,589.8,8.53,154.67,1,20,4,2.2,457.5,386.7,4.93,126.904,295.3,1008.4,7.76,20.9,2.66,53,5
KCa_0.25Sr_0.25Ba_0.125Ge_0.125Pb_0.25Br_3,B-site mixed,5.889469543,4.027,-8.76653733,0.43846267,1,0,0,0,0,0.25,0.25,0.125,0.125,0,0.25,0,3,0,1.51,1033,336.8,0.86,39.098,48.36,418.8,2.33,76.9,0.82,19,4,1.149,2006.875,965.35,4.974,109.967,-45,621.825,10.351,176.68,1.433,46,5,1.96,331.85,265.95,3.12,79.904,324.6,1139.9,5.286,14.725,2.96,35,4
RbSrI_3,Pure,6.436100642,4.3016,-8.761422743,2.488577258,0,1,0,0,0,0,1,0,0,0,0,0,0,3,1.61,961,312.63,1.532,85.468,46.89,403,2.34,69.2,0.82,37,5,1.26,1655,1042,2.54,87.62,-168,549.5,8.2,136.9,0.95,38,5,2.2,457.5,386.7,4.93,126.904,295.3,1008.4,7.76,20.9,2.66,53,5
K_0.375Cs_0.125MA_0.5CaI_3,A-site mixed,6.169054254,4.8327,-8.76032349,1.22092651,0.375,0,0.125,0.5,0,1,0,0,0,0,0,0,0,3,1.869,638.875,254.317,0.906,47.308,28.163,667.163,4.2,49.23,1.681,50.5,5.75,1,1757,1112,1.55,40.078,-156,589.8,8.53,154.67,1,20,4,2.2,457.5,386.7,4.93,126.904,295.3,1008.4,7.76,20.9,2.66,53,5
KSr_0.125Ba_0.5Sn_0.25Pb_0.125Br_3,B-site mixed,6.094452033,3.6298,-8.759686015,0.656563985,1,0,0,0,0,0,0.125,0.5,0,0.25,0.125,0,3,0,1.51,1033,336.8,0.86,39.098,48.36,418.8,2.33,76.9,0.82,19,4,1.304,2217.75,832.611,5.359,135.195,-3,586.725,7.426,182.043,1.345,55.5,5.625,1.96,331.85,265.95,3.12,79.904,324.6,1139.9,5.286,14.725,2.96,35,4
FASr_0.875Pb_0.125I_3,B-site mixed,6.530914315,4.1955,-8.738218311,-0.495718311,0,0,0,0,1,0,0.875,0,0,0,0.125,0,0,3,2.53,319,354,1.1,45.057,8.6,849.1,6.5,29,2.57,91,8,1.251,1701,986.831,3.641,102.567,-133.25,570.25,7.771,142.025,1.123,43.5,5.125,2.2,457.5,386.7,4.93,126.904,295.3,1008.4,7.76,20.9,2.66,53,5
K_0.375Rb_0.125MA_0.5CaI_3,A-site mixed,6.163470437,4.8127,-8.730057513,1.516192487,0.375,0.125,0,0.5,0,1,0,0,0,0,0,0,0,3,1.853,641,255.704,0.864,41.378,28.338,670.575,4.231,49.413,1.685,48.25,5.625,1,1757,1112,1.55,40.078,-156,589.8,8.53,154.67,1,20,4,2.2,457.5,386.7,4.93,126.904,295.3,1008.4,7.76,20.9,2.66,53,5
RbCa_0.125Sr_0.875I_3,B-site mixed,6.425367772,4.2726,-8.727355895,2.490144105,0,1,0,0,0,0.125,0.875,0,0,0,0,0,0,3,1.61,961,312.63,1.532,85.468,46.89,403,2.34,69.2,0.82,37,5,1.228,1667.75,1050.75,2.416,81.677,-166.5,554.538,8.241,139.121,0.956,35.75,4.875,2.2,457.5,386.7,4.93,126.904,295.3,1008.4,7.76,20.9,2.66,53,5
CsBa_0.875Pb_0.125I_3,B-site mixed,6.740872877,4.2147,-8.702502808,0.297497192,0,0,1,0,0,0,0,0.875,0,0,0.125,0,0,3,1.74,944,301.54,1.87,132.905,45.49,375.7,2.092,67.74,0.79,55,6,1.391,2071.125,951.831,4.56,146.064,-31.75,529.475,7.605,144.912,1.07,59.25,6,2.2,457.5,386.7,4.93,126.904,295.3,1008.4,7.76,20.9,2.66,53,5
K_0.375Cs_0.625CaI_3,A-site mixed,6.220533668,4.4918,-8.65609062,1.09515938,0.375,0,0.625,0,0,1,0,0,0,0,0,0,0,3,1.654,977.375,314.763,1.491,97.728,46.566,391.863,2.181,71.175,0.801,41.5,5.25,1,1757,1112,1.55,40.078,-156,589.8,8.53,154.67,1,20,4,2.2,457.5,386.7,4.93,126.904,295.3,1008.4,7.76,20.9,2.66,53,5
RbSr_0.25Ba_0.25Sn_0.125Pb_0.375Br_3,B-site mixed,5.980429397,3.6573,-8.620527084,0.291972916,0,1,0,0,0,0,0.25,0.25,0,0.125,0.375,0,3,0,1.61,961,312.63,1.532,85.468,46.89,403,2.34,69.2,0.82,37,5,1.26,2051.375,799.384,6.702,148.776,1.375,619.987,6.741,172.284,1.579,60.5,5.625,1.96,331.85,265.95,3.12,79.904,324.6,1139.9,5.286,14.725,2.96,35,4
FABa_0.75Pb_0.25I_3,B-site mixed,6.693104201,4.0936,-8.580831944,-0.510831944,0,0,0,0,1,0,0,0.75,0,0,0.25,0,0,3,2.53,319,354,1.1,45.057,8.6,849.1,6.5,29,2.57,91,8,1.362,2064.25,901.663,5.53,154.798,-11.5,556.05,7.2,149.625,1.25,62.5,6,2.2,457.5,386.7,4.93,126.904,295.3,1008.4,7.76,20.9,2.66,53,5
CsCa_0.5Ge_0.25Sn_0.125Pb_0.125Br_3,B-site mixed,5.722139699,3.7054,-8.56090961,-0.16090961,0,0,1,0,0,0.5,0,0,0.25,0.125,0.125,0,3,0,1.74,944,301.54,1.87,132.905,45.49,375.7,2.092,67.74,0.79,55,6,1.01,2267.625,997.096,4.438,78.93,-19.125,663.438,13.711,219.444,1.539,34.5,4.375,1.96,331.85,265.95,3.12,79.904,324.6,1139.9,5.286,14.725,2.96,35,4
KBaI_3,Pure,6.769870212,4.0354,-8.55483073,3.26516927,1,0,0,0,0,0,0,1,0,0,0,0,0,3,1.51,1033,336.8,0.86,39.098,48.36,418.8,2.33,76.9,0.82,19,4,1.42,2078,1002,3.59,137.33,-52,502.9,8.01,140.2,0.89,56,6,2.2,457.5,386.7,4.93,126.904,295.3,1008.4,7.76,20.9,2.66,53,5
RbCaI_3,Pure,6.188850245,4.4137,-8.550822953,2.439177047,0,1,0,0,0,1,0,0,0,0,0,0,0,3,1.61,961,312.63,1.532,85.468,46.89,403,2.34,69.2,0.82,37,5,1,1757,1112,1.55,40.078,-156,589.8,8.53,154.67,1,20,4,2.2,457.5,386.7,4.93,126.904,295.3,1008.4,7.76,20.9,2.66,53,5
CsCa_0.125Ba_0.75Sn_0.125I_3,B-site mixed,6.667866884,3.5284,-8.54891335,0.28608665,0,0,1,0,0,0.125,0,0.75,0,0.125,0,0,0,3,1.74,944,301.54,1.87,132.905,45.49,375.7,2.092,67.74,0.79,55,6,1.334,2137.625,953.64,3.8,122.846,-43.375,539.475,7.974,160.78,1.038,50.75,5.625,2.2,457.5,386.7,4.93,126.904,295.3,1008.4,7.76,20.9,2.66,53,5
KSrI_3,Pure,6.427179815,4.1325,-8.523548734,2.956451266,1,0,0,0,0,0,1,0,0,0,0,0,0,3,1.51,1033,336.8,0.86,39.098,48.36,418.8,2.33,76.9,0.82,19,4,1.26,1655,1042,2.54,87.62,-168,549.5,8.2,136.9,0.95,38,5,2.2,457.5,386.7,4.93,126.904,295.3,1008.4,7.76,20.9,2.66,53,5
MASr_0.125Pb_0.875Cl_3,B-site mixed,5.777915145,3.9631,-8.520385784,-0.114135784,0,0,0,1,0,0,0.125,0,0,0,0.875,3,0,0,2.17,267,180.65,0.7,32.066,8.684,926.3,6.13,23.85,2.55,73,7,1.199,1977,655.819,10.249,192.252,75.25,694.75,5.199,172.775,2.158,76.5,5.875,1.81,239.18,172.17,3.214,35.453,348.8,1251.1,3.21,10.2,3.16,17,3
MABa_0.75Pb_0.25I_3,B-site mixed,6.694242456,3.6625,-8.475048799,0.514951201,0,0,0,1,0,0,0,0.75,0,0,0.25,0,0,3,2.17,267,180.65,0.7,32.066,8.684,926.3,6.13,23.85,2.55,73,7,1.362,2064.25,901.663,5.53,154.798,-11.5,556.05,7.2,149.625,1.25,62.5,6,2.2,457.5,386.7,4.93,126.904,295.3,1008.4,7.76,20.9,2.66,53,5
CsCa_0.125Sr_0.125Ba_0.25Ge_0.375Pb_0.125Br_3,B-site mixed,5.843296793,3.5718,-8.463723695,0.053776305,0,0,1,0,0,0.125,0.125,0.25,0.375,0,0.125,0,3,0,1.74,944,301.54,1.87,132.905,45.49,375.7,2.092,67.74,0.79,55,6,1.112,2364,1049.144,4.822,103.424,5.25,643.362,16.615,219.096,1.511,43.5,4.875,1.96,331.85,265.95,3.12,79.904,324.6,1139.9,5.286,14.725,2.96,35,4
KBa_0.5Pb_0.5Br_3,B-site mixed,6.052765535,4.0646,-8.462920905,0.612079095,1,0,0,0,0,0,0,0.5,0,0,0.5,0,3,0,1.51,1033,336.8,0.86,39.098,48.36,418.8,2.33,76.9,0.82,19,4,1.305,2050.5,801.325,7.47,172.265,29,609.2,6.39,159.05,1.61,69,6,1.96,331.85,265.95,3.12,79.904,324.6,1139.9,5.286,14.725,2.96,35,4
FACa_0.25Sr_0.125Pb_0.625Br_3,B-site mixed,6.139303066,3.738,-8.457703016,-0.696453016,0,0,0,0,1,0.25,0.125,0,0,0,0.625,0,3,0,2.53,319,354,1.1,45.057,8.6,849.1,6.5,29,2.57,91,8,1.151,1910.5,783.656,7.799,150.472,8.75,663.325,6.139,166.968,1.825,61,5.375,1.96,331.85,265.95,3.12,79.904,324.6,1139.9,5.286,14.725,2.96,35,4
FACa_0.25Sr_0.125Ba_0.125Ge_0.375Pb_0.125Br_3,B-site mixed,6.097101865,3.8608,-8.423997617,-0.627747617,0,0,0,0,1,0.25,0.125,0.125,0.375,0,0.125,0,3,0,2.53,319,354,1.1,45.057,8.6,849.1,6.5,29,2.57,91,8,1.06,2323.875,1062.894,4.567,91.267,-7.75,654.225,16.68,220.905,1.525,39,4.625,1.96,331.85,265.95,3.12,79.904,324.6,1139.9,5.286,14.725,2.96,35,4
MABa_0.5Ge_0.5Br_3,B-site mixed,5.950700757,4.0873,-8.422123843,0.117876157,0,0,0,1,0,0,0,0.5,0.5,0,0,0,3,0,2.17,267,180.65,0.7,32.066,8.684,926.3,6.13,23.85,2.55,73,7,1.145,2592.5,1106.75,4.455,104.97,34,632.5,19.905,237.25,1.45,44,5,1.96,331.85,265.95,3.12,79.904,324.6,1139.9,5.286,14.725,2.96,35,4
RbSr_0.25Ba_0.25Ge_0.25Pb_0.25Br_3,B-site mixed,5.894977017,3.8671,-8.362666973,0.294833028,0,1,0,0,0,0,0.25,0.25,0.25,0,0.25,0,3,0,1.61,961,312.63,1.532,85.468,46.89,403,2.34,69.2,0.82,37,5,1.185,2215.75,964.038,5.7,126.19,2.5,632.5,13.195,197.325,1.545,52,5.25,1.96,331.85,265.95,3.12,79.904,324.6,1139.9,5.286,14.725,2.96,35,4
CsCa_0.125Sr_0.125Ge_0.375Sn_0.25Pb_0.125Cl_3,B-site mixed,5.526440193,2.7063,-8.358800444,1.563699556,0,0,1,0,0,0.125,0.125,0,0.375,0.25,0.125,3,0,0,1.74,944,301.54,1.87,132.905,45.49,375.7,2.092,67.74,0.79,55,6,1.045,2563.5,924.924,5.753,98.768,48.5,694.788,16.413,256.639,1.779,42,4.625,1.81,239.18,172.17,3.214,35.453,348.8,1251.1,3.21,10.2,3.16,17,3
KCaI_3,Pure,6.16874981,4.2203,-8.329313565,2.890686435,1,0,0,0,0,1,0,0,0,0,0,0,0,3,1.51,1033,336.8,0.86,39.098,48.36,418.8,2.33,76.9,0.82,19,4,1,1757,1112,1.55,40.078,-156,589.8,8.53,154.67,1,20,4,2.2,457.5,386.7,4.93,126.904,295.3,1008.4,7.76,20.9,2.66,53,5
KCa_0.875Ba_0.125I_3,B-site mixed,6.258238925,4.1623,-8.325858134,2.969141866,1,0,0,0,0,0.875,0,0.125,0,0,0,0,0,3,1.51,1033,336.8,0.86,39.098,48.36,418.8,2.33,76.9,0.82,19,4,1.052,1797.125,1098.25,1.805,52.235,-143,578.937,8.465,152.861,0.986,24.5,4.25,2.2,457.5,386.7,4.93,126.904,295.3,1008.4,7.76,20.9,2.66,53,5
FABa_0.375Ge_0.25Pb_0.375Br_3,B-site mixed,6.101200462,3.8938,-8.315995605,-0.687245605,0,0,0,0,1,0,0,0.375,0.25,0,0.375,0,3,0,2.53,319,354,1.1,45.057,8.6,849.1,6.5,29,2.57,91,8,1.196,2314.625,903.869,6.932,147.351,51.75,647.425,12.742,202.863,1.71,59.75,5.5,1.96,331.85,265.95,3.12,79.904,324.6,1139.9,5.286,14.725,2.96,35,4
MACa_0.125Sr_0.5Ba_0.125Pb_0.25I_3,B-site mixed,6.471569068,3.7586,-8.280650441,0.464349559,0,0,0,1,0,0.125,0.5,0.125,0,0,0.25,0,0,3,2.17,267,180.65,0.7,32.066,8.684,926.3,6.13,23.85,2.55,73,7,1.23,1812.625,935.413,4.75,117.786,-82.5,590.213,7.36,149.784,1.294,49,5.25,2.2,457.5,386.7,4.93,126.904,295.3,1008.4,7.76,20.9,2.66,53,5
CsBa_0.75Pb_0.25I_3,B-site mixed,6.667835497,4.1981,-8.262966434,0.267033566,0,0,1,0,0,0,0,0.75,0,0,0.25,0,0,3,1.74,944,301.54,1.87,132.905,45.49,375.7,2.092,67.74,0.79,55,6,1.362,2064.25,901.663,5.53,154.798,-11.5,556.05,7.2,149.625,1.25,62.5,6,2.2,457.5,386.7,4.93,126.904,295.3,1008.4,7.76,20.9,2.66,53,5
KSr_0.125Ba_0.375Ge_0.125Sn_0.125Pb_0.25Br_3,B-site mixed,5.952731233,3.4537,-8.228861119,0.564888881,1,0,0,0,0,0,0.125,0.375,0.125,0.125,0.25,0,3,0,1.51,1033,336.8,0.86,39.098,48.36,418.8,2.33,76.9,0.82,19,4,1.24,2239.75,870.74,6.08,138.166,17.125,619.987,10.096,192.246,1.531,56.5,5.5,1.96,331.85,265.95,3.12,79.904,324.6,1139.9,5.286,14.725,2.96,35,4
FACa_0.5Ge_0.5Br_3,B-site mixed,6.035314638,4.2431,-8.226381675,-0.721381675,0,0,0,0,1,0.5,0,0,0.5,0,0,0,3,0,2.53,319,354,1.1,45.057,8.6,849.1,6.5,29,2.57,91,8,0.935,2432,1161.75,3.435,56.344,-18,675.95,20.165,244.485,1.505,26,4,1.96,331.85,265.95,3.12,79.904,324.6,1139.9,5.286,14.725,2.96,35,4
MACa_0.125Sn_0.5Pb_0.375Cl_3,B-site mixed,5.781514675,3.5808,-8.185156709,-0.142656709,0,0,0,1,0,0.125,0,0,0,0.5,0.375,3,0,0,2.17,267,180.65,0.7,32.066,8.684,926.3,6.13,23.85,2.55,73,7,1.146,2416.25,616.804,8.105,142.065,82.25,696.337,6.455,231.231,1.979,58.25,5.25,1.81,239.18,172.17,3.214,35.453,348.8,1251.1,3.21,10.2,3.16,17,3
FABa_0.625Pb_0.375I_3,B-site mixed,6.692971508,3.4262,-8.122591521,-0.522591521,0,0,0,0,1,0,0,0.625,0,0,0.375,0,0,3,2.53,319,354,1.1,45.057,8.6,849.1,6.5,29,2.57,91,8,1.334,2057.375,851.494,6.5,163.531,8.75,582.625,6.795,154.338,1.43,65.75,6,2.2,457.5,386.7,4.93,126.904,295.3,1008.4,7.76,20.9,2.66,53,5
RbCa_0.375Ge_0.125Pb_0.5Br_3,B-site mixed,5.8087347,2.888,-8.09170675,0.02954325,0,1,0,0,0,0.375,0,0,0.125,0,0.5,0,3,0,1.61,961,312.63,1.532,85.468,46.89,403,2.34,69.2,0.82,37,5,1.079,2058.75,868.763,6.921,127.706,11.5,674.188,9.559,188.739,1.791,52.5,5,1.96,331.85,265.95,3.12,79.904,324.6,1139.9,5.286,14.725,2.96,35,4
KSr_0.625Ba_0.25Pb_0.125I_3,B-site mixed,6.511701562,4.062,-8.076435068,3.061064933,1,0,0,0,0,0,0.625,0.25,0,0,0.125,0,0,3,1.51,1033,336.8,0.86,39.098,48.36,418.8,2.33,76.9,0.82,19,4,1.291,1806.75,976.831,3.904,114.995,-104.25,558.6,7.724,142.85,1.107,48,5.375,2.2,457.5,386.7,4.93,126.904,295.3,1008.4,7.76,20.9,2.66,53,5
FAPbCl_3,Pure,5.919242409,4.0745,-8.070887448,-1.080887447,0,0,0,0,1,0,0,0,0,0,1,3,0,0,2.53,319,354,1.1,45.057,8.6,849.1,6.5,29,2.57,91,8,1.19,2023,600.65,11.35,207.2,110,715.5,4.77,177.9,2.33,82,6,1.81,239.18,172.17,3.214,35.453,348.8,1251.1,3.21,10.2,3.16,17,3
CsSr_0.25Ge_0.75Cl_3,B-site mixed,5.440212665,2.6047,-8.03277432,1.62222568,0,0,1,0,0,0,0.25,0,0.75,0,0,3,0,0,1.74,944,301.54,1.87,132.905,45.49,375.7,2.092,67.74,0.79,55,6,0.968,2744,1169.125,4.625,76.362,48,708.95,25.9,284.95,1.745,33.5,4.25,1.81,239.18,172.17,3.214,35.453,348.8,1251.1,3.21,10.2,3.16,17,3
MABa_0.625Pb_0.375I_3,B-site mixed,6.604172828,3.9058,-8.005233606,0.514766394,0,0,0,1,0,0,0,0.625,0,0,0.375,0,0,3,2.17,267,180.65,0.7,32.066,8.684,926.3,6.13,23.85,2.55,73,7,1.334,2057.375,851.494,6.5,163.531,8.75,582.625,6.795,154.338,1.43,65.75,6,2.2,457.5,386.7,4.93,126.904,295.3,1008.4,7.76,20.9,2.66,53,5
MAPbCl_3,Pure,5.774902509,3.8377,-7.999757515,-0.129757515,0,0,0,1,0,0,0,0,0,0,1,3,0,0,2.17,267,180.65,0.7,32.066,8.684,926.3,6.13,23.85,2.55,73,7,1.19,2023,600.65,11.35,207.2,110,715.5,4.77,177.9,2.33,82,6,1.81,239.18,172.17,3.214,35.453,348.8,1251.1,3.21,10.2,3.16,17,3
CsPbCl_3,Pure,5.761423975,3.0773,-7.99645208,1.52354792,0,0,1,0,0,0,0,0,0,0,1,3,0,0,1.74,944,301.54,1.87,132.905,45.49,375.7,2.092,67.74,0.79,55,6,1.19,2023,600.65,11.35,207.2,110,715.5,4.77,177.9,2.33,82,6,1.81,239.18,172.17,3.214,35.453,348.8,1251.1,3.21,10.2,3.16,17,3
KSr_0.125Ba_0.125Ge_0.25Sn_0.25Pb_0.25Cl_3,B-site mixed,5.605649567,2.7044,-7.976649998,2.903350003,1,0,0,0,0,0,0.125,0.125,0.25,0.25,0.25,3,0,0,1.51,1033,336.8,0.86,39.098,48.36,418.8,2.33,76.9,0.82,19,4,1.137,2468.125,834.817,6.761,127.749,60.25,678.1,12.969,235.28,1.805,52.75,5.125,1.81,239.18,172.17,3.214,35.453,348.8,1251.1,3.21,10.2,3.16,17,3
FAPbBr_0.375Cl_2.625,X-site mixed,5.981934222,4.1289,-7.948951844,-1.037701844,0,0,0,0,1,0,0,0,0,0,1,2.625,0.375,0,2.53,319,354,1.1,45.057,8.6,849.1,6.5,29,2.57,91,8,1.19,2023,600.65,11.35,207.2,110,715.5,4.77,177.9,2.33,82,6,1.829,250.764,183.893,3.202,41.009,345.775,1237.2,3.47,10.766,3.135,19.25,3.125
KCa_0.125Sr_0.25Ba_0.125Ge_0.5Br_3,B-site mixed,5.703101752,3.5184,-7.855204938,0.398545062,1,0,0,0,0,0.125,0.25,0.125,0.5,0,0,0,3,0,1.51,1033,336.8,0.86,39.098,48.36,418.8,2.33,76.9,0.82,19,4,1.052,2446.625,1130.5,3.938,80.386,-8,655.013,20.017,238.234,1.479,35,4.5,1.96,331.85,265.95,3.12,79.904,324.6,1139.9,5.286,14.725,2.96,35,4
MACa_0.375Ge_0.5Pb_0.125Br_3,B-site mixed,5.845380682,3.1339,-7.849899561,-0.087399561,0,0,0,1,0,0.375,0,0,0.5,0,0.125,0,3,0,2.17,267,180.65,0.7,32.066,8.684,926.3,6.13,23.85,2.55,73,7,0.959,2465.25,1097.831,4.66,77.234,15.25,691.663,19.695,247.389,1.671,33.75,4.25,1.96,331.85,265.95,3.12,79.904,324.6,1139.9,5.286,14.725,2.96,35,4
CsBa_0.625Pb_0.375I_3,B-site mixed,6.60104274,3.9657,-7.825887031,0.234112969,0,0,1,0,0,0,0,0.625,0,0,0.375,0,0,3,1.74,944,301.54,1.87,132.905,45.49,375.7,2.092,67.74,0.79,55,6,1.334,2057.375,851.494,6.5,163.531,8.75,582.625,6.795,154.338,1.43,65.75,6,2.2,457.5,386.7,4.93,126.904,295.3,1008.4,7.76,20.9,2.66,53,5
CsGe_0.125Pb_0.875Cl_3,B-site mixed,5.725337542,2.9044,-7.810258321,1.553491679,0,0,1,0,0,0,0,0,0.125,0,0.875,3,0,0,1.74,944,301.54,1.87,132.905,45.49,375.7,2.092,67.74,0.79,55,6,1.15,2158.5,677.006,10.596,190.376,111.25,721.325,8.149,197.45,2.29,75.75,5.75,1.81,239.18,172.17,3.214,35.453,348.8,1251.1,3.21,10.2,3.16,17,3
MACa_0.125Ge_0.375Sn_0.5Cl_3,B-site mixed,5.73892963,3.36,-7.761024253,-0.187274253,0,0,0,1,0,0.125,0,0,0.375,0.5,0,3,0,0,2.17,267,180.65,0.7,32.066,8.684,926.3,6.13,23.85,2.55,73,7,1.026,2822.75,845.872,5.844,91.594,86,713.813,16.591,289.881,1.859,39.5,4.5,1.81,239.18,172.17,3.214,35.453,348.8,1251.1,3.21,10.2,3.16,17,3
KCa_0.875Ge_0.125I_3,B-site mixed,6.154438847,3.9002,-7.758935365,2.904814635,1,0,0,0,0,0.875,0,0,0.125,0,0,0,0,3,1.51,1033,336.8,0.86,39.098,48.36,418.8,2.33,76.9,0.82,19,4,0.984,1925.75,1124.438,2.021,44.145,-121.5,611.337,11.439,177.124,1.126,21.5,4,2.2,457.5,386.7,4.93,126.904,295.3,1008.4,7.76,20.9,2.66,53,5
FACa_0.125Sr_0.375Ba_0.125Sn_0.125Pb_0.25I_3,B-site mixed,6.485559731,3.3981,-7.73612685,-0.42862685,0,0,0,0,1,0.125,0.375,0.125,0,0.125,0.25,0,0,3,2.53,319,354,1.1,45.057,8.6,849.1,6.5,29,2.57,91,8,1.216,1965.25,868.303,5.346,121.672,-46.375,610.1,7.235,168.968,1.42,50.5,5.25,2.2,457.5,386.7,4.93,126.904,295.3,1008.4,7.76,20.9,2.66,53,5
RbPbCl_3,Pure,5.739673063,3.0623,-7.69943431,0.04056569,0,1,0,0,0,0,0,0,0,0,1,3,0,0,1.61,961,312.63,1.532,85.468,46.89,403,2.34,69.2,0.82,37,5,1.19,2023,600.65,11.35,207.2,110,715.5,4.77,177.9,2.33,82,6,1.81,239.18,172.17,3.214,35.453,348.8,1251.1,3.21,10.2,3.16,17,3
FABa_0.125Ge_0.625Sn_0.25Cl_3,B-site mixed,6.047057001,4.2976,-7.676052034,-1.061052034,0,0,0,0,1,0,0,0.125,0.625,0.25,0,3,0,0,2.53,319,354,1.1,45.057,8.6,849.1,6.5,29,2.57,91,8,1.009,2920.625,1008.717,5.601,92.225,98.75,716.325,22.676,299.055,1.857,39.5,4.5,1.81,239.18,172.17,3.214,35.453,348.8,1251.1,3.21,10.2,3.16,17,3
MABa_0.125Pb_0.875Br_3,B-site mixed,6.106581845,3.4887,-7.67074021,-0.06699021,0,0,0,1,0,0,0,0.125,0,0,0.875,0,3,0,2.17,267,180.65,0.7,32.066,8.684,926.3,6.13,23.85,2.55,73,7,1.219,2029.875,650.819,10.38,198.466,89.75,688.925,5.175,173.188,2.15,78.75,6,1.96,331.85,265.95,3.12,79.904,324.6,1139.9,5.286,14.725,2.96,35,4
FASnCl_3,Pure,5.924281702,3.6741,-7.645750985,-1.305750985,0,0,0,0,1,0,0,0,0,1,0,3,0,0,2.53,319,354,1.1,45.057,8.6,849.1,6.5,29,2.57,91,8,1.15,2876,505.12,7.31,118.71,121,708.6,7.2,290.37,1.96,50,5,1.81,239.18,172.17,3.214,35.453,348.8,1251.1,3.21,10.2,3.16,17,3
FABa_0.5Pb_0.5I_3,B-site mixed,6.630935401,3.2812,-7.63841832,-0.50841832,0,0,0,0,1,0,0,0.5,0,0,0.5,0,0,3,2.53,319,354,1.1,45.057,8.6,849.1,6.5,29,2.57,91,8,1.305,2050.5,801.325,7.47,172.265,29,609.2,6.39,159.05,1.61,69,6,2.2,457.5,386.7,4.93,126.904,295.3,1008.4,7.76,20.9,2.66,53,5
KBa_0.25Ge_0.625Sn_0.125Cl_3,B-site mixed,5.509833232,2.4061,-7.563900048,2.961099952,1,0,0,0,0,0,0,0.25,0.625,0.125,0,3,0,0,1.51,1033,336.8,0.86,39.098,48.36,418.8,2.33,76.9,0.82,19,4,1.042,2820.875,1070.828,5.136,94.553,77.125,690.613,22.777,280.284,1.724,40.25,4.625,1.81,239.18,172.17,3.214,35.453,348.8,1251.1,3.21,10.2,3.16,17,3
MABa_0.5Pb_0.5I_3,B-site mixed,6.563682589,3.1671,-7.539097199,0.510902801,0,0,0,1,0,0,0,0.5,0,0,0.5,0,0,3,2.17,267,180.65,0.7,32.066,8.684,926.3,6.13,23.85,2.55,73,7,1.305,2050.5,801.325,7.47,172.265,29,609.2,6.39,159.05,1.61,69,6,2.2,457.5,386.7,4.93,126.904,295.3,1008.4,7.76,20.9,2.66,53,5
KPbCl_3,Pure,5.728638827,3.0528,-7.475699323,2.774300677,1,0,0,0,0,0,0,0,0,0,1,3,0,0,1.51,1033,336.8,0.86,39.098,48.36,418.8,2.33,76.9,0.82,19,4,1.19,2023,600.65,11.35,207.2,110,715.5,4.77,177.9,2.33,82,6,1.81,239.18,172.17,3.214,35.453,348.8,1251.1,3.21,10.2,3.16,17,3
MASnCl_3,Pure,5.86278884,3.1821,-7.452144478,-0.232144478,0,0,0,1,0,0,0,0,0,1,0,3,0,0,2.17,267,180.65,0.7,32.066,8.684,926.3,6.13,23.85,2.55,73,7,1.15,2876,505.12,7.31,118.71,121,708.6,7.2,290.37,1.96,50,5,1.81,239.18,172.17,3.214,35.453,348.8,1251.1,3.21,10.2,3.16,17,3
CsCa_0.125Ba_0.125Ge_0.25Sn_0.5Br_3,B-site mixed,5.873309497,2.1322,-7.429451254,-0.085701254,0,0,1,0,0,0.125,0,0.125,0.25,0.5,0,0,3,0,1.74,944,301.54,1.87,132.905,45.49,375.7,2.092,67.74,0.79,55,6,1.095,2694.125,819.685,5.627,99.684,64.5,681.412,13.617,265.619,1.719,42.5,4.75,1.96,331.85,265.95,3.12,79.904,324.6,1139.9,5.286,14.725,2.96,35,4
MASnBr_0.375Cl_2.625,X-site mixed,6.087970235,4.3634,-7.42407695,-0.30032695,0,0,0,1,0,0,0,0,0,1,0,2.625,0.375,0,2.17,267,180.65,0.7,32.066,8.684,926.3,6.13,23.85,2.55,73,7,1.15,2876,505.12,7.31,118.71,121,708.6,7.2,290.37,1.96,50,5,1.829,250.764,183.893,3.202,41.009,345.775,1237.2,3.47,10.766,3.135,19.25,3.125
CsSnCl_3,Pure,5.676825162,1.8043,-7.390085776,1.479914224,0,0,1,0,0,0,0,0,0,1,0,3,0,0,1.74,944,301.54,1.87,132.905,45.49,375.7,2.092,67.74,0.79,55,6,1.15,2876,505.12,7.31,118.71,121,708.6,7.2,290.37,1.96,50,5,1.81,239.18,172.17,3.214,35.453,348.8,1251.1,3.21,10.2,3.16,17,3
FASnBr_0.75Cl_2.25,X-site mixed,6.244730553,3.8822,-7.352027944,-1.162027944,0,0,0,0,1,0,0,0,0,1,0,2.25,0.75,0,2.53,319,354,1.1,45.057,8.6,849.1,6.5,29,2.57,91,8,1.15,2876,505.12,7.31,118.71,121,708.6,7.2,290.37,1.96,50,5,1.847,262.348,195.615,3.191,46.566,342.75,1223.3,3.729,11.331,3.11,21.5,3.25
CsSnBr_0.375Cl_2.625,X-site mixed,5.842606123,4.2423,-7.318446545,1.240303455,0,0,1,0,0,0,0,0,0,1,0,2.625,0.375,0,1.74,944,301.54,1.87,132.905,45.49,375.7,2.092,67.74,0.79,55,6,1.15,2876,505.12,7.31,118.71,121,708.6,7.2,290.37,1.96,50,5,1.829,250.764,183.893,3.202,41.009,345.775,1237.2,3.47,10.766,3.135,19.25,3.125
KSr_0.125Ba_0.125Ge_0.125Sn_0.125Pb_0.5Br_3,B-site mixed,5.949113933,2.3454,-7.313721335,0.412528665,1,0,0,0,0,0,0.125,0.125,0.125,0.125,0.5,0,3,0,1.51,1033,336.8,0.86,39.098,48.36,418.8,2.33,76.9,0.82,19,4,1.182,2226,770.402,8.02,155.634,57.625,673.138,9.286,201.671,1.891,63,5.5,1.96,331.85,265.95,3.12,79.904,324.6,1139.9,5.286,14.725,2.96,35,4
CsGe_0.125Sn_0.875Cl_3,B-site mixed,5.652020478,1.7891,-7.288077494,1.506922506,0,0,1,0,0,0,0,0,0.125,0.875,0,3,0,0,1.74,944,301.54,1.87,132.905,45.49,375.7,2.092,67.74,0.79,55,6,1.115,2904.875,593.418,7.061,112.947,120.875,715.288,10.275,295.861,1.966,47.75,4.875,1.81,239.18,172.17,3.214,35.453,348.8,1251.1,3.21,10.2,3.16,17,3
K_0.25Rb_0.125MA_0.625SnCl_3,A-site mixed,5.915250258,3.6168,-7.286785785,0.511964215,0.25,0.125,0,0.625,0,0,0,0,0,1,0,3,0,0,1.935,545.25,236.185,0.844,40.499,23.379,734.013,4.706,42.781,1.901,55,6,1.15,2876,505.12,7.31,118.71,121,708.6,7.2,290.37,1.96,50,5,1.81,239.18,172.17,3.214,35.453,348.8,1251.1,3.21,10.2,3.16,17,3
RbCa_0.25Ge_0.25Sn_0.375Pb_0.125Br_3,B-site mixed,5.787779733,2.2064,-7.269306556,0.000693444,0,1,0,0,0,0.25,0,0,0.25,0.375,0.125,0,3,0,1.61,961,312.63,1.532,85.468,46.89,403,2.34,69.2,0.82,37,5,1.047,2547.375,845.376,5.878,98.588,50.125,693.138,13.379,253.369,1.779,42,4.625,1.96,331.85,265.95,3.12,79.904,324.6,1139.9,5.286,14.725,2.96,35,4
FAPbBr_3,Pure,6.200787351,3.5353,-7.245923166,-0.885923166,0,0,0,0,1,0,0,0,0,0,1,0,3,0,2.53,319,354,1.1,45.057,8.6,849.1,6.5,29,2.57,91,8,1.19,2023,600.65,11.35,207.2,110,715.5,4.77,177.9,2.33,82,6,1.96,331.85,265.95,3.12,79.904,324.6,1139.9,5.286,14.725,2.96,35,4
RbCa_0.125Sr_0.25Ba_0.25Sn_0.25Pb_0.125I_3,B-site mixed,6.429276829,3.0359,-7.235524006,2.604475994,0,1,0,0,0,0.125,0.25,0.25,0,0.25,0.125,0,0,3,1.61,961,312.63,1.532,85.468,46.89,403,2.34,69.2,0.82,37,5,1.231,2124.75,851.361,4.973,116.825,-30.5,603.413,7.515,183.439,1.366,48.75,5.25,2.2,457.5,386.7,4.93,126.904,295.3,1008.4,7.76,20.9,2.66,53,5
FAPbBr_2.625Cl_0.375,X-site mixed,6.181434345,3.8532,-7.227474305,-0.788724305,0,0,0,0,1,0,0,0,0,0,1,0.375,2.625,0,2.53,319,354,1.1,45.057,8.6,849.1,6.5,29,2.57,91,8,1.19,2023,600.65,11.35,207.2,110,715.5,4.77,177.9,2.33,82,6,1.941,320.266,254.227,3.132,74.348,327.625,1153.8,5.026,14.159,2.985,32.75,3.875
MAPbBr_2.25Cl_0.75,X-site mixed,6.100050227,3.641,-7.2274342,0.0425658,0,0,0,1,0,0,0,0,0,0,1,0.75,2.25,0,2.17,267,180.65,0.7,32.066,8.684,926.3,6.13,23.85,2.55,73,7,1.19,2023,600.65,11.35,207.2,110,715.5,4.77,177.9,2.33,82,6,1.923,308.683,242.505,3.143,68.791,330.65,1167.7,4.767,13.594,3.01,30.5,3.75
CsBa_0.5Pb_0.5I_3,B-site mixed,6.543737998,3.0768,-7.227149206,0.362850794,0,0,1,0,0,0,0,0.5,0,0,0.5,0,0,3,1.74,944,301.54,1.87,132.905,45.49,375.7,2.092,67.74,0.79,55,6,1.305,2050.5,801.325,7.47,172.265,29,609.2,6.39,159.05,1.61,69,6,2.2,457.5,386.7,4.93,126.904,295.3,1008.4,7.76,20.9,2.66,53,5
MAPbBr_3,Pure,6.142450228,3.4084,-7.214086318,-0.144086317,0,0,0,1,0,0,0,0,0,0,1,0,3,0,2.17,267,180.65,0.7,32.066,8.684,926.3,6.13,23.85,2.55,73,7,1.19,2023,600.65,11.35,207.2,110,715.5,4.77,177.9,2.33,82,6,1.96,331.85,265.95,3.12,79.904,324.6,1139.9,5.286,14.725,2.96,35,4
CsPbBr_3,Pure,6.04101583,2.5758,-7.170408121,-0.170408121,0,0,1,0,0,0,0,0,0,0,1,0,3,0,1.74,944,301.54,1.87,132.905,45.49,375.7,2.092,67.74,0.79,55,6,1.19,2023,600.65,11.35,207.2,110,715.5,4.77,177.9,2.33,82,6,1.96,331.85,265.95,3.12,79.904,324.6,1139.9,5.286,14.725,2.96,35,4
FABa_0.375Pb_0.625I_3,B-site mixed,6.650792758,3.1655,-7.163415591,-0.503415591,0,0,0,0,1,0,0,0.375,0,0,0.625,0,0,3,2.53,319,354,1.1,45.057,8.6,849.1,6.5,29,2.57,91,8,1.276,2043.625,751.156,8.44,180.999,49.25,635.775,5.985,163.762,1.79,72.25,6,2.2,457.5,386.7,4.93,126.904,295.3,1008.4,7.76,20.9,2.66,53,5
CsCa_0.25Sr_0.25Sn_0.25Pb_0.25I_3,B-site mixed,6.283170443,3.1683,-7.117798059,0.057201941,0,0,1,0,0,0.25,0.25,0,0,0.25,0.25,0,0,3,1.74,944,301.54,1.87,132.905,45.49,375.7,2.092,67.74,0.79,55,6,1.15,2077.75,814.942,5.688,113.402,-23.25,640.85,7.175,189.96,1.56,47.5,5,2.2,457.5,386.7,4.93,126.904,295.3,1008.4,7.76,20.9,2.66,53,5
RbSnCl_3,Pure,5.648639682,1.7494,-7.112852844,-0.022852844,0,1,0,0,0,0,0,0,0,1,0,3,0,0,1.61,961,312.63,1.532,85.468,46.89,403,2.34,69.2,0.82,37,5,1.15,2876,505.12,7.31,118.71,121,708.6,7.2,290.37,1.96,50,5,1.81,239.18,172.17,3.214,35.453,348.8,1251.1,3.21,10.2,3.16,17,3
FASr_0.25Ba_0.25Ge_0.125Sn_0.25Pb_0.125I_3,B-site mixed,6.471078265,3.0865,-7.109541445,-0.405791445,0,0,0,0,1,0,0.25,0.25,0.125,0.25,0.125,0,0,3,2.53,319,354,1.1,45.057,8.6,849.1,6.5,29,2.57,91,8,1.215,2293.5,863.799,5.444,120.891,4,624.95,10.424,205.893,1.492,50.25,5.25,2.2,457.5,386.7,4.93,126.904,295.3,1008.4,7.76,20.9,2.66,53,5
MABa_0.375Pb_0.625I_3,B-site mixed,6.54972539,3.1834,-7.09424087,0.48575913,0,0,0,1,0,0,0,0.375,0,0,0.625,0,0,3,2.17,267,180.65,0.7,32.066,8.684,926.3,6.13,23.85,2.55,73,7,1.276,2043.625,751.156,8.44,180.999,49.25,635.775,5.985,163.762,1.79,72.25,6,2.2,457.5,386.7,4.93,126.904,295.3,1008.4,7.76,20.9,2.66,53,5
FAGeCl_3,Pure,5.816829262,4.4396,-7.082392711,-1.342392711,0,0,0,0,1,0,0,0,1,0,0,3,0,0,2.53,319,354,1.1,45.057,8.6,849.1,6.5,29,2.57,91,8,0.87,3107,1211.5,5.32,72.61,120,762.1,31.8,334.3,2.01,32,4,1.81,239.18,172.17,3.214,35.453,348.8,1251.1,3.21,10.2,3.16,17,3
Rb_0.375Cs_0.25MA_0.375PbBr_3,A-site mixed,6.116244476,3.5527,-7.049792219,-0.049792219,0,0.375,0.25,0.375,0,0,0,0,0,0,1,0,3,0,1.853,696.5,260.365,1.304,77.302,32.213,592.412,3.699,51.829,1.461,55,6,1.19,2023,600.65,11.35,207.2,110,715.5,4.77,177.9,2.33,82,6,1.96,331.85,265.95,3.12,79.904,324.6,1139.9,5.286,14.725,2.96,35,4
FASnBr_1.875Cl_1.125,X-site mixed,6.36574553,3.9045,-7.041322551,-1.076322551,0,0,0,0,1,0,0,0,0,1,0,1.125,1.875,0,2.53,319,354,1.1,45.057,8.6,849.1,6.5,29,2.57,91,8,1.15,2876,505.12,7.31,118.71,121,708.6,7.2,290.37,1.96,50,5,1.904,297.099,230.782,3.155,63.235,333.675,1181.6,4.507,13.028,3.035,28.25,3.625
K_0.25Rb_0.25Cs_0.125MA_0.375PbBr_3,A-site mixed,6.060441043,3.567,-7.032011218,-0.038261218,0.25,0.25,0.125,0.375,0,0,0,0,0,0,1,0,3,0,1.811,716.625,267.794,1.094,59.779,32.755,599.775,3.728,53.936,1.465,48.25,5.625,1.19,2023,600.65,11.35,207.2,110,715.5,4.77,177.9,2.33,82,6,1.96,331.85,265.95,3.12,79.904,324.6,1139.9,5.286,14.725,2.96,35,4
KSr_0.125Ge_0.875Cl_3,B-site mixed,5.353512715,2.1302,-6.973392478,2.719107523,1,0,0,0,0,0,0.125,0,0.875,0,0,3,0,0,1.51,1033,336.8,0.86,39.098,48.36,418.8,2.33,76.9,0.82,19,4,0.919,2925.5,1190.313,4.973,74.486,84,735.525,28.85,309.625,1.877,32.75,4.125,1.81,239.18,172.17,3.214,35.453,348.8,1251.1,3.21,10.2,3.16,17,3
CsBa_0.375Pb_0.625I_3,B-site mixed,6.510622402,2.9321,-6.970508225,0.149491775,0,0,1,0,0,0,0,0.375,0,0,0.625,0,0,3,1.74,944,301.54,1.87,132.905,45.49,375.7,2.092,67.74,0.79,55,6,1.276,2043.625,751.156,8.44,180.999,49.25,635.775,5.985,163.762,1.79,72.25,6,2.2,457.5,386.7,4.93,126.904,295.3,1008.4,7.76,20.9,2.66,53,5
CsSr_0.25Ba_0.25Ge_0.25Sn_0.125Pb_0.125I_3,B-site mixed,6.314919121,2.9839,-6.923872295,0.168627705,0,0,1,0,0,0,0.25,0.25,0.25,0.125,0.125,0,0,3,1.74,944,301.54,1.87,132.905,45.49,375.7,2.092,67.74,0.79,55,6,1.18,2322.375,952.096,5.195,115.129,3.875,631.638,13.499,211.384,1.499,48,5.125,2.2,457.5,386.7,4.93,126.904,295.3,1008.4,7.76,20.9,2.66,53,5
KSnCl_3,Pure,5.634241027,1.7196,-6.89968826,2.70031174,1,0,0,0,0,0,0,0,0,1,0,3,0,0,1.51,1033,336.8,0.86,39.098,48.36,418.8,2.33,76.9,0.82,19,4,1.15,2876,505.12,7.31,118.71,121,708.6,7.2,290.37,1.96,50,5,1.81,239.18,172.17,3.214,35.453,348.8,1251.1,3.21,10.2,3.16,17,3
RbPbBr_3,Pure,6.023106852,2.5591,-6.860402173,0.069597827,0,1,0,0,0,0,0,0,0,0,1,0,3,0,1.61,961,312.63,1.532,85.468,46.89,403,2.34,69.2,0.82,37,5,1.19,2023,600.65,11.35,207.2,110,715.5,4.77,177.9,2.33,82,6,1.96,331.85,265.95,3.12,79.904,324.6,1139.9,5.286,14.725,2.96,35,4
MASnBr_2.25Cl_0.75,X-site mixed,6.264916844,4.0157,-6.845314818,-0.202814817,0,0,0,1,0,0,0,0,0,1,0,0.75,2.25,0,2.17,267,180.65,0.7,32.066,8.684,926.3,6.13,23.85,2.55,73,7,1.15,2876,505.12,7.31,118.71,121,708.6,7.2,290.37,1.96,50,5,1.923,308.683,242.505,3.143,68.791,330.65,1167.7,4.767,13.594,3.01,30.5,3.75
MASr_0.25Ba_0.25Ge_0.375Sn_0.125I_3,B-site mixed,6.322841696,3.0204,-6.844247681,0.547002319,0,0,0,1,0,0,0.25,0.25,0.375,0.125,0,0,0,3,2.17,267,180.65,0.7,32.066,8.684,926.3,6.13,23.85,2.55,73,7,1.14,2457.875,1028.453,4.441,98.305,5.125,637.463,16.878,230.934,1.459,41.75,4.875,2.2,457.5,386.7,4.93,126.904,295.3,1008.4,7.76,20.9,2.66,53,5
MAGeCl_3,Pure,5.703838092,3.022,-6.842536345,-0.222536345,0,0,0,1,0,0,0,0,1,0,0,3,0,0,2.17,267,180.65,0.7,32.066,8.684,926.3,6.13,23.85,2.55,73,7,0.87,3107,1211.5,5.32,72.61,120,762.1,31.8,334.3,2.01,32,4,1.81,239.18,172.17,3.214,35.453,348.8,1251.1,3.21,10.2,3.16,17,3
MACa_0.125Sr_0.125Ba_0.125Ge_0.125Pb_0.5I_3,B-site mixed,6.440998628,2.8399,-6.80778015,0.49346985,0,0,0,1,0,0.125,0.125,0.125,0.125,0,0.5,0,0,3,2.17,267,180.65,0.7,32.066,8.684,926.3,6.13,23.85,2.55,73,7,1.164,2086.125,846.263,7.3,145.805,23,658.287,9.452,184.709,1.771,59.25,5.375,2.2,457.5,386.7,4.93,126.904,295.3,1008.4,7.76,20.9,2.66,53,5
RbSn_0.125Pb_0.875Br_3,B-site mixed,6.011476102,2.3197,-6.787858615,0.064641385,0,1,0,0,0,0,0,0,0,0.125,0.875,0,3,0,1.61,961,312.63,1.532,85.468,46.89,403,2.34,69.2,0.82,37,5,1.185,2129.625,588.709,10.845,196.139,111.375,714.638,5.074,191.959,2.284,78,5.875,1.96,331.85,265.95,3.12,79.904,324.6,1139.9,5.286,14.725,2.96,35,4
FASnBr_3,Pure,6.270604999,3.4442,-6.74269168,-1.00269168,0,0,0,0,1,0,0,0,0,1,0,0,3,0,2.53,319,354,1.1,45.057,8.6,849.1,6.5,29,2.57,91,8,1.15,2876,505.12,7.31,118.71,121,708.6,7.2,290.37,1.96,50,5,1.96,331.85,265.95,3.12,79.904,324.6,1139.9,5.286,14.725,2.96,35,4
RbBa_0.5Sn_0.5I_3,B-site mixed,6.420205092,3.3389,-6.733402473,2.616597528,0,1,0,0,0,0,0,0.5,0,0.5,0,0,0,3,1.61,961,312.63,1.532,85.468,46.89,403,2.34,69.2,0.82,37,5,1.285,2477,753.56,5.45,128.02,34.5,605.75,7.605,215.285,1.425,53,5.5,2.2,457.5,386.7,4.93,126.904,295.3,1008.4,7.76,20.9,2.66,53,5
FABa_0.25Pb_0.75I_3,B-site mixed,6.623162601,3.2112,-6.712178846,-0.522178846,0,0,0,0,1,0,0,0.25,0,0,0.75,0,0,3,2.53,319,354,1.1,45.057,8.6,849.1,6.5,29,2.57,91,8,1.248,2036.75,700.987,9.41,189.732,69.5,662.35,5.58,168.475,1.97,75.5,6,2.2,457.5,386.7,4.93,126.904,295.3,1008.4,7.76,20.9,2.66,53,5
CsGeCl_3,Pure,5.39088886,1.8986,-6.709024871,1.560975129,0,0,1,0,0,0,0,0,1,0,0,3,0,0,1.74,944,301.54,1.87,132.905,45.49,375.7,2.092,67.74,0.79,55,6,0.87,3107,1211.5,5.32,72.61,120,762.1,31.8,334.3,2.01,32,4,1.81,239.18,172.17,3.214,35.453,348.8,1251.1,3.21,10.2,3.16,17,3
MASr_0.5Ge_0.5I_3,B-site mixed,6.232681519,3.4319,-6.708542338,0.526457662,0,0,0,1,0,0,0.5,0,0.5,0,0,0,0,3,2.17,267,180.65,0.7,32.066,8.684,926.3,6.13,23.85,2.55,73,7,1.065,2381,1126.75,3.93,80.115,-24,655.8,20,235.6,1.48,35,4.5,2.2,457.5,386.7,4.93,126.904,295.3,1008.4,7.76,20.9,2.66,53,5
RbSr_0.5Ge_0.125Sn_0.25Pb_0.125I_3,B-site mixed,6.26653969,3.2074,-6.682516575,2.516233425,0,1,0,0,0,0,0.5,0,0.125,0.25,0.125,0,0,3,1.61,961,312.63,1.532,85.468,46.89,403,2.34,69.2,0.82,37,5,1.175,2187.75,873.799,5.181,108.464,-25,636.6,10.471,205.068,1.508,45.75,5,2.2,457.5,386.7,4.93,126.904,295.3,1008.4,7.76,20.9,2.66,53,5
MABa_0.25Pb_0.75I_3,B-site mixed,6.576111453,3.0329,-6.636188039,0.473811961,0,0,0,1,0,0,0,0.25,0,0,0.75,0,0,3,2.17,267,180.65,0.7,32.066,8.684,926.3,6.13,23.85,2.55,73,7,1.248,2036.75,700.987,9.41,189.732,69.5,662.35,5.58,168.475,1.97,75.5,6,2.2,457.5,386.7,4.93,126.904,295.3,1008.4,7.76,20.9,2.66,53,5
KPbBr_3,Pure,6.012849447,2.5477,-6.63208516,0.30791484,1,0,0,0,0,0,0,0,0,0,1,0,3,0,1.51,1033,336.8,0.86,39.098,48.36,418.8,2.33,76.9,0.82,19,4,1.19,2023,600.65,11.35,207.2,110,715.5,4.77,177.9,2.33,82,6,1.96,331.85,265.95,3.12,79.904,324.6,1139.9,5.286,14.725,2.96,35,4
MASnBr_3,Pure,6.249297846,3.5319,-6.628930453,-0.178930453,0,0,0,1,0,0,0,0,0,1,0,0,3,0,2.17,267,180.65,0.7,32.066,8.684,926.3,6.13,23.85,2.55,73,7,1.15,2876,505.12,7.31,118.71,121,708.6,7.2,290.37,1.96,50,5,1.96,331.85,265.95,3.12,79.904,324.6,1139.9,5.286,14.725,2.96,35,4
RbGe_0.875Pb_0.125Cl_3,B-site mixed,5.416984898,1.9714,-6.625471908,0.020778092,0,1,0,0,0,0,0,0,0.875,0,0.125,3,0,0,1.61,961,312.63,1.532,85.468,46.89,403,2.34,69.2,0.82,37,5,0.91,2971.5,1135.144,6.074,89.434,118.75,756.275,28.421,314.75,2.05,38.25,4.25,1.81,239.18,172.17,3.214,35.453,348.8,1251.1,3.21,10.2,3.16,17,3
CsPbI_0.75Br_2.25,X-site mixed,6.19722233,3.4171,-6.608291439,0.069208561,0,0,1,0,0,0,0,0,0,0,1,0,2.25,0.75,1.74,944,301.54,1.87,132.905,45.49,375.7,2.092,67.74,0.79,55,6,1.19,2023,600.65,11.35,207.2,110,715.5,4.77,177.9,2.33,82,6,2.02,363.262,296.137,3.573,91.654,317.275,1107.025,5.904,16.269,2.885,39.5,4.25
CsSnBr_3,Pure,5.956068845,1.3894,-6.589853626,-0.209853626,0,0,1,0,0,0,0,0,0,1,0,0,3,0,1.74,944,301.54,1.87,132.905,45.49,375.7,2.092,67.74,0.79,55,6,1.15,2876,505.12,7.31,118.71,121,708.6,7.2,290.37,1.96,50,5,1.96,331.85,265.95,3.12,79.904,324.6,1139.9,5.286,14.725,2.96,35,4
CsBa_0.25Pb_0.75I_3,B-site mixed,6.484431755,2.5845,-6.536185091,0.113814909,0,0,1,0,0,0,0,0.25,0,0,0.75,0,0,3,1.74,944,301.54,1.87,132.905,45.49,375.7,2.092,67.74,0.79,55,6,1.248,2036.75,700.987,9.41,189.732,69.5,662.35,5.58,168.475,1.97,75.5,6,2.2,457.5,386.7,4.93,126.904,295.3,1008.4,7.76,20.9,2.66,53,5
FAGe_0.5Pb_0.5Br_3,B-site mixed,6.25818541,3.7607,-6.532315426,-0.837315426,0,0,0,0,1,0,0,0,0.5,0,0.5,0,3,0,2.53,319,354,1.1,45.057,8.6,849.1,6.5,29,2.57,91,8,1.03,2565,906.075,8.335,139.905,115,738.8,18.285,256.1,2.17,57,5,1.96,331.85,265.95,3.12,79.904,324.6,1139.9,5.286,14.725,2.96,35,4
RbGeCl_3,Pure,5.351525047,1.8034,-6.511468695,-0.021468695,0,1,0,0,0,0,0,0,1,0,0,3,0,0,1.61,961,312.63,1.532,85.468,46.89,403,2.34,69.2,0.82,37,5,0.87,3107,1211.5,5.32,72.61,120,762.1,31.8,334.3,2.01,32,4,1.81,239.18,172.17,3.214,35.453,348.8,1251.1,3.21,10.2,3.16,17,3
CsSr_0.25Ba_0.125Ge_0.125Sn_0.375Pb_0.125I_3,B-site mixed,6.345003343,2.05,-6.510555338,0.093194663,0,0,1,0,0,0,0.25,0.125,0.125,0.375,0.125,0,0,3,1.74,944,301.54,1.87,132.905,45.49,375.7,2.092,67.74,0.79,55,6,1.181,2393.25,801.689,5.909,118.564,25.625,650.663,10.322,224.664,1.626,49.5,5.125,2.2,457.5,386.7,4.93,126.904,295.3,1008.4,7.76,20.9,2.66,53,5
RbCa_0.125Sr_0.25Sn_0.125Pb_0.5I_3,B-site mixed,6.344556357,2.2445,-6.493853308,2.496146692,0,1,0,0,0,0.125,0.25,0,0,0.125,0.5,0,0,3,1.61,961,312.63,1.532,85.468,46.89,403,2.34,69.2,0.82,37,5,1.179,2004.375,762.965,7.417,145.353,8.625,657.425,6.401,178.805,1.772,59.25,5.375,2.2,457.5,386.7,4.93,126.904,295.3,1008.4,7.76,20.9,2.66,53,5
RbPbI_0.75Br_2.25,X-site mixed,6.043165899,3.3944,-6.43561696,0.71938304,0,1,0,0,0,0,0,0,0,0,1,0,2.25,0.75,1.61,961,312.63,1.532,85.468,46.89,403,2.34,69.2,0.82,37,5,1.19,2023,600.65,11.35,207.2,110,715.5,4.77,177.9,2.33,82,6,2.02,363.262,296.137,3.573,91.654,317.275,1107.025,5.904,16.269,2.885,39.5,4.25
FAGeBr_1.875Cl_1.125,X-site mixed,6.203058176,4.1846,-6.425288814,-1.129038814,0,0,0,0,1,0,0,0,1,0,0,1.125,1.875,0,2.53,319,354,1.1,45.057,8.6,849.1,6.5,29,2.57,91,8,0.87,3107,1211.5,5.32,72.61,120,762.1,31.8,334.3,2.01,32,4,1.904,297.099,230.782,3.155,63.235,333.675,1181.6,4.507,13.028,3.035,28.25,3.625
MAPbI_1.5Br_1.5,X-site mixed,6.307417699,3.2688,-6.397135831,0.222864169,0,0,0,1,0,0,0,0,0,0,1,0,1.5,1.5,2.17,267,180.65,0.7,32.066,8.684,926.3,6.13,23.85,2.55,73,7,1.19,2023,600.65,11.35,207.2,110,715.5,4.77,177.9,2.33,82,6,2.08,394.675,326.325,4.025,103.404,309.95,1074.15,6.523,17.813,2.81,44,4.5
FACa_0.375Ge_0.375Pb_0.25I_3,B-site mixed,6.464675738,2.9514,-6.383483375,-0.432233375,0,0,0,0,1,0.375,0,0,0.375,0,0.25,0,0,3,2.53,319,354,1.1,45.057,8.6,849.1,6.5,29,2.57,91,8,0.999,2329.75,1021.475,5.414,94.058,14,685.837,16.316,227.839,1.711,40,4.5,2.2,457.5,386.7,4.93,126.904,295.3,1008.4,7.76,20.9,2.66,53,5
RbSnBr_2.625Cl_0.375,X-site mixed,5.931094761,1.4467,-6.362579494,0.044920506,0,1,0,0,0,0,0,0,0,1,0,0.375,2.625,0,1.61,961,312.63,1.532,85.468,46.89,403,2.34,69.2,0.82,37,5,1.15,2876,505.12,7.31,118.71,121,708.6,7.2,290.37,1.96,50,5,1.941,320.266,254.227,3.132,74.348,327.625,1153.8,5.026,14.159,2.985,32.75,3.875
KGeCl_3,Pure,5.328701742,1.7444,-6.347078564,2.652921436,1,0,0,0,0,0,0,0,1,0,0,3,0,0,1.51,1033,336.8,0.86,39.098,48.36,418.8,2.33,76.9,0.82,19,4,0.87,3107,1211.5,5.32,72.61,120,762.1,31.8,334.3,2.01,32,4,1.81,239.18,172.17,3.214,35.453,348.8,1251.1,3.21,10.2,3.16,17,3
RbGeBr_1.125Cl_1.875,X-site mixed,5.877945833,4.3112,-6.313153411,-0.156903411,0,1,0,0,0,0,0,0,1,0,0,1.875,1.125,0,1.61,961,312.63,1.532,85.468,46.89,403,2.34,69.2,0.82,37,5,0.87,3107,1211.5,5.32,72.61,120,762.1,31.8,334.3,2.01,32,4,1.866,273.931,207.337,3.179,52.122,339.725,1209.4,3.988,11.897,3.085,23.75,3.375
K_0.375Rb_0.25Cs_0.375SnBr_3,A-site mixed,5.965366687,1.4415,-6.304316163,0.035683837,0.375,0.25,0.375,0,0,0,0,0,0,1,0,0,3,0,1.621,981.625,317.535,1.407,85.868,46.916,398.688,2.243,71.54,0.809,37,5,1.15,2876,505.12,7.31,118.71,121,708.6,7.2,290.37,1.96,50,5,1.96,331.85,265.95,3.12,79.904,324.6,1139.9,5.286,14.725,2.96,35,4
RbSnBr_3,Pure,5.953370667,1.3956,-6.280601306,0.029398694,0,1,0,0,0,0,0,0,0,1,0,0,3,0,1.61,961,312.63,1.532,85.468,46.89,403,2.34,69.2,0.82,37,5,1.15,2876,505.12,7.31,118.71,121,708.6,7.2,290.37,1.96,50,5,1.96,331.85,265.95,3.12,79.904,324.6,1139.9,5.286,14.725,2.96,35,4
CsGe_0.5Sn_0.5Br_3,B-site mixed,5.830458528,1.4924,-6.232244984,-0.207244984,0,0,1,0,0,0,0,0,0.5,0.5,0,0,3,0,1.74,944,301.54,1.87,132.905,45.49,375.7,2.092,67.74,0.79,55,6,1.01,2991.5,858.31,6.315,95.66,120.5,735.35,19.5,312.335,1.985,41,4.5,1.96,331.85,265.95,3.12,79.904,324.6,1139.9,5.286,14.725,2.96,35,4
MABa_0.125Pb_0.875I_3,B-site mixed,6.543630828,2.9111,-6.180029161,0.459970839,0,0,0,1,0,0,0,0.125,0,0,0.875,0,0,3,2.17,267,180.65,0.7,32.066,8.684,926.3,6.13,23.85,2.55,73,7,1.219,2029.875,650.819,10.38,198.466,89.75,688.925,5.175,173.188,2.15,78.75,6,2.2,457.5,386.7,4.93,126.904,295.3,1008.4,7.76,20.9,2.66,53,5
FABa_0.125Pb_0.875I_3,B-site mixed,6.627853,2.9785,-6.179379403,-0.459379402,0,0,0,0,1,0,0,0.125,0,0,0.875,0,0,3,2.53,319,354,1.1,45.057,8.6,849.1,6.5,29,2.57,91,8,1.219,2029.875,650.819,10.38,198.466,89.75,688.925,5.175,173.188,2.15,78.75,6,2.2,457.5,386.7,4.93,126.904,295.3,1008.4,7.76,20.9,2.66,53,5
KSn_0.875Pb_0.125Br_3,B-site mixed,5.953463408,1.4921,-6.127816089,0.269683911,1,0,0,0,0,0,0,0,0,0.875,0.125,0,3,0,1.51,1033,336.8,0.86,39.098,48.36,418.8,2.33,76.9,0.82,19,4,1.155,2769.375,517.061,7.815,129.771,119.625,709.462,6.896,276.311,2.006,54,5.125,1.96,331.85,265.95,3.12,79.904,324.6,1139.9,5.286,14.725,2.96,35,4
CsBa_0.125Pb_0.875I_3,B-site mixed,6.485446612,2.4016,-6.103785373,0.076214628,0,0,1,0,0,0,0,0.125,0,0,0.875,0,0,3,1.74,944,301.54,1.87,132.905,45.49,375.7,2.092,67.74,0.79,55,6,1.219,2029.875,650.819,10.38,198.466,89.75,688.925,5.175,173.188,2.15,78.75,6,2.2,457.5,386.7,4.93,126.904,295.3,1008.4,7.76,20.9,2.66,53,5
MABa_0.25Ge_0.125Sn_0.625I_3,B-site mixed,6.493818823,2.2962,-6.072335279,0.426414721,0,0,0,1,0,0,0,0.25,0.125,0.625,0,0,0,3,2.17,267,180.65,0.7,32.066,8.684,926.3,6.13,23.85,2.55,73,7,1.183,2705.375,717.638,6.131,117.602,77.625,663.862,10.477,258.319,1.699,49.25,5.125,2.2,457.5,386.7,4.93,126.904,295.3,1008.4,7.76,20.9,2.66,53,5
FAGeBr_3,Pure,6.238160418,3.8044,-6.071701521,-1.041701521,0,0,0,0,1,0,0,0,1,0,0,0,3,0,2.53,319,354,1.1,45.057,8.6,849.1,6.5,29,2.57,91,8,0.87,3107,1211.5,5.32,72.61,120,762.1,31.8,334.3,2.01,32,4,1.96,331.85,265.95,3.12,79.904,324.6,1139.9,5.286,14.725,2.96,35,4
MAGeBr_3,Pure,6.117477068,3.3229,-6.068594466,-0.328594466,0,0,0,1,0,0,0,0,1,0,0,0,3,0,2.17,267,180.65,0.7,32.066,8.684,926.3,6.13,23.85,2.55,73,7,0.87,3107,1211.5,5.32,72.61,120,762.1,31.8,334.3,2.01,32,4,1.96,331.85,265.95,3.12,79.904,324.6,1139.9,5.286,14.725,2.96,35,4
KSnBr_3,Pure,5.941951317,1.3728,-6.05979013,0.26020987,1,0,0,0,0,0,0,0,0,1,0,0,3,0,1.51,1033,336.8,0.86,39.098,48.36,418.8,2.33,76.9,0.82,19,4,1.15,2876,505.12,7.31,118.71,121,708.6,7.2,290.37,1.96,50,5,1.96,331.85,265.95,3.12,79.904,324.6,1139.9,5.286,14.725,2.96,35,4
FACa_0.125Pb_0.875I_3,B-site mixed,6.551626184,3.0251,-6.039926145,-0.394926145,0,0,0,0,1,0.125,0,0,0,0,0.875,0,0,3,2.53,319,354,1.1,45.057,8.6,849.1,6.5,29,2.57,91,8,1.166,1989.75,664.569,10.125,186.31,76.75,699.788,5.24,174.996,2.164,74.25,5.75,2.2,457.5,386.7,4.93,126.904,295.3,1008.4,7.76,20.9,2.66,53,5
KCa_0.25Sr_0.125Ge_0.25Pb_0.375I_3,B-site mixed,6.212048386,2.1675,-5.985047295,2.969952705,1,0,0,0,0,0.25,0.125,0,0.25,0,0.375,0,0,3,1.51,1033,336.8,0.86,39.098,48.36,418.8,2.33,76.9,0.82,19,4,1.071,2181.5,936.369,6.291,116.824,11.25,674.975,12.896,206.068,1.745,48.5,4.875,2.2,457.5,386.7,4.93,126.904,295.3,1008.4,7.76,20.9,2.66,53,5
KCa_0.125Sr_0.25Ge_0.25Sn_0.125Pb_0.25I_3,B-site mixed,6.225646637,1.8844,-5.934335309,2.963164691,1,0,0,0,0,0.125,0.25,0,0.25,0.125,0.25,0,0,3,1.51,1033,336.8,0.86,39.098,48.36,418.8,2.33,76.9,0.82,19,4,1.099,2275.375,915.678,5.91,111.706,11.125,669.075,13.159,217.905,1.692,46.75,4.875,2.2,457.5,386.7,4.93,126.904,295.3,1008.4,7.76,20.9,2.66,53,5
CsGeBr_3,Pure,5.67475471,1.5158,-5.887020475,-0.217020475,0,0,1,0,0,0,0,0,1,0,0,0,3,0,1.74,944,301.54,1.87,132.905,45.49,375.7,2.092,67.74,0.79,55,6,0.87,3107,1211.5,5.32,72.61,120,762.1,31.8,334.3,2.01,32,4,1.96,331.85,265.95,3.12,79.904,324.6,1139.9,5.286,14.725,2.96,35,4
KSr_0.375Ge_0.25Sn_0.25Pb_0.125I_3,B-site mixed,6.243871541,1.6783,-5.883182371,2.956817629,1,0,0,0,0,0,0.375,0,0.25,0.25,0.125,0,0,3,1.51,1033,336.8,0.86,39.098,48.36,418.8,2.33,76.9,0.82,19,4,1.126,2369.25,894.986,5.529,106.588,11,663.175,13.421,229.743,1.64,45,4.875,2.2,457.5,386.7,4.93,126.904,295.3,1008.4,7.76,20.9,2.66,53,5
Rb_0.375Cs_0.625GeBr_3,A-site mixed,5.985282103,3.9181,-5.873203549,-0.229453549,0,0.375,0.625,0,0,0,0,0,1,0,0,0,3,0,1.691,950.375,305.699,1.743,115.116,46.015,385.938,2.185,68.287,0.801,48.25,5.625,0.87,3107,1211.5,5.32,72.61,120,762.1,31.8,334.3,2.01,32,4,1.96,331.85,265.95,3.12,79.904,324.6,1139.9,5.286,14.725,2.96,35,4
Rb_0.375Cs_0.25MA_0.375GeBr_3,A-site mixed,5.962028487,2.9972,-5.767220881,-0.097220881,0,0.375,0.25,0.375,0,0,0,0,1,0,0,0,3,0,1.853,696.5,260.365,1.304,77.302,32.213,592.412,3.699,51.829,1.461,55,6,0.87,3107,1211.5,5.32,72.61,120,762.1,31.8,334.3,2.01,32,4,1.96,331.85,265.95,3.12,79.904,324.6,1139.9,5.286,14.725,2.96,35,4
FABa_0.125Ge_0.25Sn_0.125Pb_0.5I_3,B-site mixed,6.630900601,2.8292,-5.74356941,-0.43606941,0,0,0,0,1,0,0,0.125,0.25,0.125,0.5,0,0,3,2.53,319,354,1.1,45.057,8.6,849.1,6.5,29,2.57,91,8,1.134,2407.5,791.59,8.367,153.757,93.625,699.712,12.236,226.346,2.024,62.25,5.375,2.2,457.5,386.7,4.93,126.904,295.3,1008.4,7.76,20.9,2.66,53,5
Rb_0.5Cs_0.125MA_0.375GeBr_3,A-site mixed,5.971470033,2.905,-5.722659533,-0.061409533,0,0.5,0.125,0.375,0,0,0,0,1,0,0,0,3,0,1.836,698.625,261.751,1.262,71.372,32.388,595.825,3.73,52.011,1.465,52.75,5.875,0.87,3107,1211.5,5.32,72.61,120,762.1,31.8,334.3,2.01,32,4,1.96,331.85,265.95,3.12,79.904,324.6,1139.9,5.286,14.725,2.96,35,4
K_0.25Rb_0.25Cs_0.125MA_0.375GeBr_3,A-site mixed,5.968699607,2.8945,-5.696272696,-0.032522696,0.25,0.25,0.125,0.375,0,0,0,0,1,0,0,0,3,0,1.811,716.625,267.794,1.094,59.779,32.755,599.775,3.728,53.936,1.465,48.25,5.625,0.87,3107,1211.5,5.32,72.61,120,762.1,31.8,334.3,2.01,32,4,1.96,331.85,265.95,3.12,79.904,324.6,1139.9,5.286,14.725,2.96,35,4
MASnI_1.875Br_1.125,X-site mixed,6.605485652,3.3556,-5.689505883,0.135494117,0,0,0,1,0,0,0,0,0,1,0,0,1.125,1.875,2.17,267,180.65,0.7,32.066,8.684,926.3,6.13,23.85,2.55,73,7,1.15,2876,505.12,7.31,118.71,121,708.6,7.2,290.37,1.96,50,5,2.11,410.381,341.419,4.251,109.279,306.287,1057.712,6.832,18.584,2.773,46.25,4.625
FAPbI_3,Pure,6.585397777,2.8146,-5.651747156,-0.401747156,0,0,0,0,1,0,0,0,0,0,1,0,0,3,2.53,319,354,1.1,45.057,8.6,849.1,6.5,29,2.57,91,8,1.19,2023,600.65,11.35,207.2,110,715.5,4.77,177.9,2.33,82,6,2.2,457.5,386.7,4.93,126.904,295.3,1008.4,7.76,20.9,2.66,53,5
MAPbI_3,Pure,6.473050585,2.6353,-5.640016655,0.529983345,0,0,0,1,0,0,0,0,0,0,1,0,0,3,2.17,267,180.65,0.7,32.066,8.684,926.3,6.13,23.85,2.55,73,7,1.19,2023,600.65,11.35,207.2,110,715.5,4.77,177.9,2.33,82,6,2.2,457.5,386.7,4.93,126.904,295.3,1008.4,7.76,20.9,2.66,53,5
RbGeBr_3,Pure,5.658098797,1.4825,-5.63972239,-0.03972239,0,1,0,0,0,0,0,0,1,0,0,0,3,0,1.61,961,312.63,1.532,85.468,46.89,403,2.34,69.2,0.82,37,5,0.87,3107,1211.5,5.32,72.61,120,762.1,31.8,334.3,2.01,32,4,1.96,331.85,265.95,3.12,79.904,324.6,1139.9,5.286,14.725,2.96,35,4
CsPbI_3,Pure,6.451980463,2.1633,-5.631440263,0.078559737,0,0,1,0,0,0,0,0,0,0,1,0,0,3,1.74,944,301.54,1.87,132.905,45.49,375.7,2.092,67.74,0.79,55,6,1.19,2023,600.65,11.35,207.2,110,715.5,4.77,177.9,2.33,82,6,2.2,457.5,386.7,4.93,126.904,295.3,1008.4,7.76,20.9,2.66,53,5
MACa_0.125Sn_0.75Pb_0.125I_3,B-site mixed,6.515791584,2.6764,-5.595480574,0.429519426,0,0,0,1,0,0.125,0,0,0,0.75,0.125,0,0,3,2.17,267,180.65,0.7,32.066,8.684,926.3,6.13,23.85,2.55,73,7,1.136,2629.5,592.921,7.095,119.942,85,694.613,7.063,259.349,1.886,50.25,5,2.2,457.5,386.7,4.93,126.904,295.3,1008.4,7.76,20.9,2.66,53,5
RbSr_0.125Sn_0.25Pb_0.625I_3,B-site mixed,6.408458894,1.9178,-5.59004608,2.48745392,0,1,0,0,0,0,0.125,0,0,0.25,0.625,0,0,3,1.61,961,312.63,1.532,85.468,46.89,403,2.34,69.2,0.82,37,5,1.189,2190.25,631.936,9.239,170.13,78,693.025,5.806,200.892,2.065,68.5,5.625,2.2,457.5,386.7,4.93,126.904,295.3,1008.4,7.76,20.9,2.66,53,5
MABa_0.125Sn_0.875I_3,B-site mixed,6.5550263,2.5825,-5.584559843,0.425440157,0,0,0,1,0,0,0,0.125,0,0.875,0,0,0,3,2.17,267,180.65,0.7,32.066,8.684,926.3,6.13,23.85,2.55,73,7,1.184,2776.25,567.23,6.845,121.037,99.375,682.887,7.301,271.599,1.826,50.75,5.125,2.2,457.5,386.7,4.93,126.904,295.3,1008.4,7.76,20.9,2.66,53,5
K_0.125Rb_0.125MA_0.75PbI_3,A-site mixed,6.572568468,2.8769,-5.576605838,1.037144163,0.125,0.125,0,0.75,0,0,0,0,0,0,1,0,0,3,2.018,449.5,216.666,0.824,39.62,18.419,797.45,5.181,36.15,2.117,61.75,6.375,1.19,2023,600.65,11.35,207.2,110,715.5,4.77,177.9,2.33,82,6,2.2,457.5,386.7,4.93,126.904,295.3,1008.4,7.76,20.9,2.66,53,5
CsSr_0.125Sn_0.875I_3,B-site mixed,6.369667212,1.3911,-5.573893233,-0.066393233,0,0,1,0,0,0,0.125,0,0,0.875,0,0,0,3,1.74,944,301.54,1.87,132.905,45.49,375.7,2.092,67.74,0.79,55,6,1.164,2723.375,572.23,6.714,114.824,84.875,688.712,7.325,271.186,1.834,48.5,5,2.2,457.5,386.7,4.93,126.904,295.3,1008.4,7.76,20.9,2.66,53,5
RbSnI_1.5Br_1.5,X-site mixed,6.287812074,3.4711,-5.569416003,1.140583997,0,1,0,0,0,0,0,0,0,1,0,0,1.5,1.5,1.61,961,312.63,1.532,85.468,46.89,403,2.34,69.2,0.82,37,5,1.15,2876,505.12,7.31,118.71,121,708.6,7.2,290.37,1.96,50,5,2.08,394.675,326.325,4.025,103.404,309.95,1074.15,6.523,17.813,2.81,44,4.5
FABa_0.125Ge_0.125Sn_0.75I_3,B-site mixed,6.636988331,2.7725,-5.566922409,-0.548172409,0,0,0,0,1,0,0,0.125,0.125,0.75,0,0,0,3,2.53,319,354,1.1,45.057,8.6,849.1,6.5,29,2.57,91,8,1.149,2805.125,655.528,6.596,115.275,99.25,689.575,10.376,277.09,1.833,48.5,5,2.2,457.5,386.7,4.93,126.904,295.3,1008.4,7.76,20.9,2.66,53,5
MACa_0.125Sn_0.875I_3,B-site mixed,6.551709459,2.8925,-5.530343978,0.404656022,0,0,0,1,0,0.125,0,0,0,0.875,0,0,0,3,2.17,267,180.65,0.7,32.066,8.684,926.3,6.13,23.85,2.55,73,7,1.131,2736.125,580.98,6.59,108.881,86.375,693.75,7.366,273.408,1.84,46.25,4.875,2.2,457.5,386.7,4.93,126.904,295.3,1008.4,7.76,20.9,2.66,53,5
Rb_0.375Cs_0.125MA_0.5PbI_3,A-site mixed,6.599943294,2.8476,-5.518840299,1.216159701,0,0.375,0.125,0.5,0,0,0,0,0,0,1,0,0,3,1.906,611.875,245.254,1.158,64.697,27.612,661.237,4.204,46.343,1.681,57.25,6.125,1.19,2023,600.65,11.35,207.2,110,715.5,4.77,177.9,2.33,82,6,2.2,457.5,386.7,4.93,126.904,295.3,1008.4,7.76,20.9,2.66,53,5
K_0.25Rb_0.25Cs_0.125MA_0.375PbI_3,A-site mixed,6.48836279,2.9354,-5.515396648,1.484603353,0.25,0.25,0.125,0.375,0,0,0,0,0,0,1,0,0,3,1.811,716.625,267.794,1.094,59.779,32.755,599.775,3.728,53.936,1.465,48.25,5.625,1.19,2023,600.65,11.35,207.2,110,715.5,4.77,177.9,2.33,82,6,2.2,457.5,386.7,4.93,126.904,295.3,1008.4,7.76,20.9,2.66,53,5
KGeBr_3,Pure,5.639871355,1.4565,-5.47890629,0.13109371,1,0,0,0,0,0,0,0,1,0,0,0,3,0,1.51,1033,336.8,0.86,39.098,48.36,418.8,2.33,76.9,0.82,19,4,0.87,3107,1211.5,5.32,72.61,120,762.1,31.8,334.3,2.01,32,4,1.96,331.85,265.95,3.12,79.904,324.6,1139.9,5.286,14.725,2.96,35,4
MASnI_2.25Br_0.75,X-site mixed,6.632640363,3.1778,-5.43586427,0.26413573,0,0,0,1,0,0,0,0,0,1,0,0,0.75,2.25,2.17,267,180.65,0.7,32.066,8.684,926.3,6.13,23.85,2.55,73,7,1.15,2876,505.12,7.31,118.71,121,708.6,7.2,290.37,1.96,50,5,2.14,426.088,356.512,4.478,115.154,302.625,1041.275,7.142,19.356,2.735,48.5,4.75
CsSnI_2.25Br_0.75,X-site mixed,6.291032004,1.0902,-5.376323175,-0.038823175,0,0,1,0,0,0,0,0,0,1,0,0,0.75,2.25,1.74,944,301.54,1.87,132.905,45.49,375.7,2.092,67.74,0.79,55,6,1.15,2876,505.12,7.31,118.71,121,708.6,7.2,290.37,1.96,50,5,2.14,426.088,356.512,4.478,115.154,302.625,1041.275,7.142,19.356,2.735,48.5,4.75
CsSn_0.5Pb_0.5I_3,B-site mixed,6.427286327,1.6539,-5.345727023,0.004272978,0,0,1,0,0,0,0,0,0,0.5,0.5,0,0,3,1.74,944,301.54,1.87,132.905,45.49,375.7,2.092,67.74,0.79,55,6,1.17,2449.5,552.885,9.33,162.955,115.5,712.05,5.985,234.135,2.145,66,5.5,2.2,457.5,386.7,4.93,126.904,295.3,1008.4,7.76,20.9,2.66,53,5
RbPbI_3,Pure,6.43721919,2.1466,-5.310295253,2.519704747,0,1,0,0,0,0,0,0,0,0,1,0,0,3,1.61,961,312.63,1.532,85.468,46.89,403,2.34,69.2,0.82,37,5,1.19,2023,600.65,11.35,207.2,110,715.5,4.77,177.9,2.33,82,6,2.2,457.5,386.7,4.93,126.904,295.3,1008.4,7.76,20.9,2.66,53,5
FASnI_3,Pure,6.682222407,2.8648,-5.242420319,-0.712420319,0,0,0,0,1,0,0,0,0,1,0,0,0,3,2.53,319,354,1.1,45.057,8.6,849.1,6.5,29,2.57,91,8,1.15,2876,505.12,7.31,118.71,121,708.6,7.2,290.37,1.96,50,5,2.2,457.5,386.7,4.93,126.904,295.3,1008.4,7.76,20.9,2.66,53,5
MASnI_2.625Br_0.375,X-site mixed,6.672528273,3.1136,-5.241263875,0.333736125,0,0,0,1,0,0,0,0,0,1,0,0,0.375,2.625,2.17,267,180.65,0.7,32.066,8.684,926.3,6.13,23.85,2.55,73,7,1.15,2876,505.12,7.31,118.71,121,708.6,7.2,290.37,1.96,50,5,2.17,441.794,371.606,4.704,121.029,298.963,1024.837,7.451,20.128,2.697,50.75,4.875
CsSnI_2.625Br_0.375,X-site mixed,6.497744283,3.2733,-5.174948061,-0.011198061,0,0,1,0,0,0,0,0,0,1,0,0,0.375,2.625,1.74,944,301.54,1.87,132.905,45.49,375.7,2.092,67.74,0.79,55,6,1.15,2876,505.12,7.31,118.71,121,708.6,7.2,290.37,1.96,50,5,2.17,441.794,371.606,4.704,121.029,298.963,1024.837,7.451,20.128,2.697,50.75,4.875
KSr_0.25Ge_0.625Pb_0.125I_3,B-site mixed,6.146894796,1.8017,-5.16175097,2.94699903,1,0,0,0,0,0,0.25,0,0.625,0,0.125,0,0,3,1.51,1033,336.8,0.86,39.098,48.36,418.8,2.33,76.9,0.82,19,4,1.007,2608.5,1092.769,5.379,93.186,46.75,703.125,22.521,265.4,1.785,39.75,4.5,2.2,457.5,386.7,4.93,126.904,295.3,1008.4,7.76,20.9,2.66,53,5
FAGeI_1.875Br_1.125,X-site mixed,6.530819587,3.2762,-5.127600548,-0.766350548,0,0,0,0,1,0,0,0,1,0,0,0,1.125,1.875,2.53,319,354,1.1,45.057,8.6,849.1,6.5,29,2.57,91,8,0.87,3107,1211.5,5.32,72.61,120,762.1,31.8,334.3,2.01,32,4,2.11,410.381,341.419,4.251,109.279,306.287,1057.712,6.832,18.584,2.773,46.25,4.625
MASnI_3,Pure,6.594056948,2.5741,-5.103863494,0.346136506,0,0,0,1,0,0,0,0,0,1,0,0,0,3,2.17,267,180.65,0.7,32.066,8.684,926.3,6.13,23.85,2.55,73,7,1.15,2876,505.12,7.31,118.71,121,708.6,7.2,290.37,1.96,50,5,2.2,457.5,386.7,4.93,126.904,295.3,1008.4,7.76,20.9,2.66,53,5
KPbI_3,Pure,6.42793085,2.1357,-5.076440835,2.983559165,1,0,0,0,0,0,0,0,0,0,1,0,0,3,1.51,1033,336.8,0.86,39.098,48.36,418.8,2.33,76.9,0.82,19,4,1.19,2023,600.65,11.35,207.2,110,715.5,4.77,177.9,2.33,82,6,2.2,457.5,386.7,4.93,126.904,295.3,1008.4,7.76,20.9,2.66,53,5
CsSnI_3,Pure,6.386300887,1.1556,-5.071774813,-0.081774813,0,0,1,0,0,0,0,0,0,1,0,0,0,3,1.74,944,301.54,1.87,132.905,45.49,375.7,2.092,67.74,0.79,55,6,1.15,2876,505.12,7.31,118.71,121,708.6,7.2,290.37,1.96,50,5,2.2,457.5,386.7,4.93,126.904,295.3,1008.4,7.76,20.9,2.66,53,5
FAGeI_2.25Br_0.75,X-site mixed,6.580690646,3.2422,-4.950801134,-0.723301134,0,0,0,0,1,0,0,0,1,0,0,0,0.75,2.25,2.53,319,354,1.1,45.057,8.6,849.1,6.5,29,2.57,91,8,0.87,3107,1211.5,5.32,72.61,120,762.1,31.8,334.3,2.01,32,4,2.14,426.088,356.512,4.478,115.154,302.625,1041.275,7.142,19.356,2.735,48.5,4.75
CsBa_0.125Ge_0.875I_3,B-site mixed,6.15272924,1.605,-4.915020389,0.136229611,0,0,1,0,0,0,0,0.125,0.875,0,0,0,0,3,1.74,944,301.54,1.87,132.905,45.49,375.7,2.092,67.74,0.79,55,6,0.939,2978.375,1185.313,5.104,80.7,98.5,729.7,28.826,310.037,1.87,35,4.25,2.2,457.5,386.7,4.93,126.904,295.3,1008.4,7.76,20.9,2.66,53,5
RbSnI_3,Pure,6.370899945,1.1268,-4.756944719,2.353055281,0,1,0,0,0,0,0,0,0,1,0,0,0,3,1.61,961,312.63,1.532,85.468,46.89,403,2.34,69.2,0.82,37,5,1.15,2876,505.12,7.31,118.71,121,708.6,7.2,290.37,1.96,50,5,2.2,457.5,386.7,4.93,126.904,295.3,1008.4,7.76,20.9,2.66,53,5
FAGeI_3,Pure,6.582414943,2.8609,-4.569365211,-0.609365211,0,0,0,0,1,0,0,0,1,0,0,0,0,3,2.53,319,354,1.1,45.057,8.6,849.1,6.5,29,2.57,91,8,0.87,3107,1211.5,5.32,72.61,120,762.1,31.8,334.3,2.01,32,4,2.2,457.5,386.7,4.93,126.904,295.3,1008.4,7.76,20.9,2.66,53,5
MAGeI_3,Pure,6.45717812,2.5573,-4.549965743,0.330034257,0,0,0,1,0,0,0,0,1,0,0,0,0,3,2.17,267,180.65,0.7,32.066,8.684,926.3,6.13,23.85,2.55,73,7,0.87,3107,1211.5,5.32,72.61,120,762.1,31.8,334.3,2.01,32,4,2.2,457.5,386.7,4.93,126.904,295.3,1008.4,7.76,20.9,2.66,53,5
KSnI_3,Pure,6.360566115,1.1074,-4.529340663,2.810659338,1,0,0,0,0,0,0,0,0,1,0,0,0,3,1.51,1033,336.8,0.86,39.098,48.36,418.8,2.33,76.9,0.82,19,4,1.15,2876,505.12,7.31,118.71,121,708.6,7.2,290.37,1.96,50,5,2.2,457.5,386.7,4.93,126.904,295.3,1008.4,7.76,20.9,2.66,53,5
KCa_0.125Ge_0.875I_3,B-site mixed,6.051284787,1.4589,-4.45030931,2.87594069,1,0,0,0,0,0.125,0,0,0.875,0,0,0,0,3,1.51,1033,336.8,0.86,39.098,48.36,418.8,2.33,76.9,0.82,19,4,0.886,2938.25,1199.063,4.849,68.543,85.5,740.563,28.891,311.846,1.884,30.5,4,2.2,457.5,386.7,4.93,126.904,295.3,1008.4,7.76,20.9,2.66,53,5
CsGeI_3,Pure,6.10040585,1.304,-4.369088494,0.050911506,0,0,1,0,0,0,0,0,1,0,0,0,0,3,1.74,944,301.54,1.87,132.905,45.49,375.7,2.092,67.74,0.79,55,6,0.87,3107,1211.5,5.32,72.61,120,762.1,31.8,334.3,2.01,32,4,2.2,457.5,386.7,4.93,126.904,295.3,1008.4,7.76,20.9,2.66,53,5
RbGe_0.75Sn_0.125Pb_0.125I_3,B-site mixed,6.165487613,1.2472,-4.295381293,2.477118708,0,1,0,0,0,0,0,0,0.75,0.125,0.125,0,0,3,1.61,961,312.63,1.532,85.468,46.89,403,2.34,69.2,0.82,37,5,0.945,2942.625,1046.846,6.323,95.196,118.875,749.588,25.346,309.259,2.044,40.5,4.375,2.2,457.5,386.7,4.93,126.904,295.3,1008.4,7.76,20.9,2.66,53,5
RbGe_0.875Sn_0.125I_3,B-site mixed,6.116533542,1.1452,-4.168749438,2.442500562,0,1,0,0,0,0,0,0,0.875,0.125,0,0,0,3,1.61,961,312.63,1.532,85.468,46.89,403,2.34,69.2,0.82,37,5,0.905,3078.125,1123.203,5.569,78.373,120.125,755.413,28.725,328.809,2.004,34.25,4.125,2.2,457.5,386.7,4.93,126.904,295.3,1008.4,7.76,20.9,2.66,53,5
RbGeI_3,Pure,6.07688323,1.2609,-4.096915205,2.443084795,0,1,0,0,0,0,0,0,1,0,0,0,0,3,1.61,961,312.63,1.532,85.468,46.89,403,2.34,69.2,0.82,37,5,0.87,3107,1211.5,5.32,72.61,120,762.1,31.8,334.3,2.01,32,4,2.2,457.5,386.7,4.93,126.904,295.3,1008.4,7.76,20.9,2.66,53,5
KGeI_3,Pure,6.061679212,1.2328,-3.896290736,2.873709264,1,0,0,0,0,0,0,0,1,0,0,0,0,3,1.51,1033,336.8,0.86,39.098,48.36,418.8,2.33,76.9,0.82,19,4,0.87,3107,1211.5,5.32,72.61,120,762.1,31.8,334.3,2.01,32,4,2.2,457.5,386.7,4.93,126.904,295.3,1008.4,7.76,20.9,2.66,53,5